TestID	Område	Frågetext	Rätt svar	Fel alt 1	Fel alt 2	Fel alt 3
1_1_U1	Franska revolutionen	Vad menar historiker med begreppet "det långa 1800-talet"?	En epok från franska revolutionen 1789 till första världskrigets start 1914	En exakt hundraårsperiod från 1800 till 1900	En period från Napoleons fall 1815 till kommunismens uppgång 1917	En period som sträckte sig från franska revolutionen till Wienkongressen 1815
1_1_U1	Franska revolutionen	Varför sammankallade kung Ludvig XVI generalständerna i maj 1789, och vilket var statens huvudproblem vid denna tid?	Statens ekonomi var på ruinens rand och skatter behövde höjas	Kungen ville stärka sin makt och utöka arméns storlek	En utländsk invasion hotade Frankrike och kungen sökte stöd	Hungersnöden hade spridit sig och kungen ville dela ut mat till folket
1_1_U1	Franska revolutionen	Hur skilde sig röstningskraven mellan det tredje ståndet och adeln/prästerskapet vid mötet i Versailles?	Tredje ståndet krävde en röst per person; adeln ville rösta per stånd	Tredje ståndet ville avskaffa omröstning helt; adeln krävde majoritetsbeslut	Adeln ville ge varje medborgare en röst; tredje ståndet krävde rösträtt per stånd	Tredje ståndet krävde hemlig omröstning; adeln ville ha öppen votering
1_1_U1	Franska revolutionen	Vad innebar "Eden i bollhuset" och vad var syftet med att bilda nationalförsamlingen?	Tredje ståndet svor att inte skingras förrän Frankrike fått en ny konstitution	Adeln svär trohet till kungen och lovar att inte söka fred med fienden	Prästerskapet lovade att reformera kyrkan och stödja konungen	Borgarna svär att betala sina skulder och stödja statens finanser
1_1_U1	Franska revolutionen	Vilken händelse den 14 juli 1789 betraktas som startskottet för den franska revolutionen?	Stormningen av Bastiljen	Avrättningen av kung Ludvig XVI på Place de la Révolution	Utropandet av den franska republiken i nationalförsamlingen	Kvinnornas marsch till Versailles för att hämta kungen till Paris
1_1_U1	Franska revolutionen	Vilka var revolutionens tre centrala slagord som lanserades när privilegiesamhället avskaffades?	Frihet, jämlikhet, broderskap	Frihet, egendom, ordning	Demokrati, rättvisa, folkstyre	Republik, lag, nation
1_1_U1	Franska revolutionen	På vilket sätt var kvinnor exkluderade från den nya rättighetsförklaringen, trots revolutionens idéer om jämlikhet?	Rättighetsförklaringen gällde bara "medborgare" vilket tolkades som enbart män	Kvinnor fick rösträtt men fick inte ärva egendom	Kvinnor uteslöts uttryckligen i en paragraf om könstillhörighet	Kvinnor fick delta i val men inte kandidera till nationalförsamlingen
1_1_U1	Franska revolutionen	Vem var Olympe de Gouges och vad argumenterade hon för i sin deklaration från 1791?	En revolutionär skribent som krävde att kvinnor skulle ha samma politiska rättigheter som män	En adelskvinna som försvarade kungens rätt att regera	En journalist som krävde avskaffandet av dödsstraffet	En filosof som argumenterade för frihandel och ekonomisk liberalism
1_1_U1	Franska revolutionen	Vad kännetecknade det så kallade "skräckväldet" och vem var dess ledare?	En period av massavrättningar med guillotinen ledd av Maximilien Robespierre	En tid av extremt fattigdom och svält ledd av den franske kungen	En militär kupp ledd av Napoleon Bonaparte som fängslade tusentals	En period av religiös förföljelse ledd av katolska kyrkan
1_1_U1	Franska revolutionen	Hur försökte revolutionärerna minska religionens makt över människorna under revolutionens våldsamma skede?	Kyrkor stängdes, prästerskapet förföljdes och en ny "förnuftets religion" infördes	Religion förbjöds helt och alla kyrkor revs ner omedelbart	Enbart katolicismen avskaffades och protestantism förklarades statsreligion	Prästerskapet tvingades betala höga skatter men fick annars verka fritt
1_1_U2	Franska revolutionen	Mellan vilka år pågick den epok som historiker kallar för "det långa 1800-talet"?	1789–1914	1800–1900	1815–1918	1789–1848
1_1_U2	Franska revolutionen	Vilket stånd representerade bönderna och borgarna i det franska parlamentet?	Det tredje ståndet	Det andra ståndet	Det fjärde ståndet	Det första ståndet
1_1_U2	Franska revolutionen	Vad var det huvudsakliga problemet som kungen ville lösa genom att kalla till möte i Versailles 1789?	Statens ekonomiska kris och behovet av nya skatter	En utländsk invasion som hotade landets gränser	Svår hungersnöd som drabbat hela Frankrike	Konflikter inom adeln som destabiliserade styret
1_1_U2	Franska revolutionen	Vilken byggnad samlades det tredje ståndet i när de svor att bilda en nationalförsamling?	Bollhuset (Jeu de paume)	Versaillesslottets spegelsala	Katedralen Notre-Dame i Paris	Louvren i centrala Paris
1_1_U2	Franska revolutionen	Vilken fästning stormades i Paris den 14 juli 1789?	Bastiljen	Tuileriet	Elysée-palatset	Louvren
1_1_U2	Franska revolutionen	Vilket av följande ord var ett av revolutionens tre kända slagord?	Jämlikhet (Égalité)	Ordning (Ordre)	Lydnad (Obéissance)	Nationens vilja (Volonté)
1_1_U2	Franska revolutionen	Vilken grupp i samhället lämnades utanför den nya deklarationen om mänskliga rättigheter?	Kvinnorna	Bönderna	De fattiga utan egendom	Utländska medborgare i Frankrike
1_1_U2	Franska revolutionen	Vem författade "Deklarationen om kvinnans och medborgarinnans rättigheter" år 1791?	Olympe de Gouges	Marie Antoinette	Charlotte Corday	Germaine de Staël
1_1_U2	Franska revolutionen	Vem var ledare för de radikala revolutionärerna under det så kallade skräckväldet?	Maximilien Robespierre	Georges Danton	Jean-Paul Marat	Louis de Saint-Just
1_1_U2	Franska revolutionen	Vilket statsskick fick Frankrike efter att kung Ludvig XVI hade avrättats?	Republik	Konstitutionell monarki	Kejsardöme	Aristokrati
1_2_U1	Napoleontiden	Vem tog makten i Frankrike genom en statskupp i december 1799?	Napoleon Bonaparte	Jean-Paul Marat	Georges Danton	Maximilien Robespierre
1_2_U1	Napoleontiden	Vilken titel utropade Napoleon Bonaparte sig till år 1804?	Kejsare	Kung	Konsul på livstid	Regent
1_2_U1	Napoleontiden	Vad hette den lagbok som Napoleon lät skriva för att bland annat garantera likhet inför lagen?	Code civil (Napoleons lagbok)	Déclaration des droits	Code pénal républicain	Constitutionelle Loi
1_2_U1	Napoleontiden	Vilken religion återinförde Napoleon som religion för fransmännen?	Katolicismen	Protestantismen	Calvinismen	Deismen
1_2_U1	Napoleontiden	Vid vilket stort sjöslag år 1805 besegrades den franska flottan av engelsmännen?	Slag vid Trafalgar	Slag vid Nilen	Slag vid Aboukir	Slag vid Copenhagen
1_2_U1	Napoleontiden	Vilket land beslutade sig Napoleon för att gå till anfall mot år 1812?	Ryssland	Preussen	Österrike	Spanien
1_2_U1	Napoleontiden	Vad kallas den ryska taktik som gick ut på att bränna eller förstöra allt som den franska armén kunde använda som försörjning?	Den brända jordens taktik	Kutuzovstrategin	Fabian-taktiken	Reträttlinjeförsvaret
1_2_U1	Napoleontiden	Vid vilket slag i Belgien besegrades Napoleon slutgiltigt sommaren 1815?	Slag vid Waterloo	Slag vid Leipzig	Slag vid Austerlitz	Slag vid Borodino
1_2_U1	Napoleontiden	Till vilken ö i Sydatlanten förvisades Napoleon efter sitt nederlag vid Waterloo?	S:ta Helena	Elba	Korsika	Madagaskar
1_2_U1	Napoleontiden	Vilken stark kraft och ideologi växte fram i många länder som en reaktion mot den franska närvaron?	Nationalismen	Liberalismen	Konservatismen	Socialismen
1_2_U2	Napoleontiden	Vilken metod använde Napoleon Bonaparte för att ta makten i Frankrike i december 1799?	En militär statskupp (18 brumaire)	En folkomröstning som gav honom diktatoriska befogenheter	En fredlig överlåtelse av makt från nationalförsamlingen	Ett uppror bland parisiska arbetare som utnämnde honom till ledare
1_2_U2	Napoleontiden	Vilken specifik folkgrupp beskrivs i källan som de första att utveckla en stark nationalism som motstånd mot den franska ockupationen?	Spanjorerna	Preussarna	Ryssarna	Polackerna
1_2_U2	Napoleontiden	Hur många av de ursprungliga 600 000 soldaterna återvände efter Napoleons fälttåg mot Ryssland?	Omkring 100 000	Cirka 300 000	Runt 50 000	Ungefär 200 000
1_2_U2	Napoleontiden	Vad hette den brittiske amiral som besegrade den franska flottan vid slaget vid Trafalgar?	Horatio Nelson	Arthur Wellesley	William Pitt	John Jervis
1_2_U2	Napoleontiden	Till vilken ö i Medelhavet förvisades Napoleon vid sin första abdikation år 1814?	Elba	Korsika	Sardinien	Sicilien
1_2_U2	Napoleontiden	Vilket europeiskt land förlorade greppet om sina sydamerikanska kolonier på grund av de utdragna Napoleonkrigen?	Spanien	Portugal	Frankrike	Holland
1_2_U2	Napoleontiden	Vilket namn fick den lagbok som Napoleon lät skriva för att bland annat garantera likhet inför lagen?	Code civil (Napoleons lagbok)	Loi de libertés	Code révolutionnaire	Grundlag för republiken
1_2_U2	Napoleontiden	Vad heter den franska nationalsången som skrevs under revolutionen och har en "bloddrypande" text?	Marseljäsen (La Marseillaise)	La Parisienne	Chant du Départ	Carmagnole
1_2_U2	Napoleontiden	Vilket monument i Paris lät Napoleon uppföra för att hylla sina militära segrar?	Triumfbågen (Arc de Triomphe)	Eiffeltornet	Panthéon	Colonne Vendôme
1_2_U2	Napoleontiden	Vid vilket stort slag år 1813 led den franska armén ett avgörande nederlag strax innan Frankrike invaderades?	Slag vid Leipzig (Folkens slag)	Slag vid Dresden	Slag vid Ligny	Slag vid Vitoria
1_3_U1	De nya ideologierna	Som ett svar på vilket specifikt problem uppstod socialismen under 1800-talet?	Industrikapitalismens klassklyftor och arbetarnas hårda levnadsförhållanden	Den utbredda analfabetismen bland landsbygdsbefolkningen	Religionens starka grepp om politiken och utbildningsväsendet	Monarkins maktmissbruk och adels privilegier
1_3_U1	De nya ideologierna	Vilken känd ekonom förknippas med liberalismens idé om att fri konkurrens gynnar hela samhället?	Adam Smith	John Stuart Mill	David Ricardo	Thomas Malthus
1_3_U1	De nya ideologierna	Vilken samhällsklass övertog adelns roll som den mäktigaste gruppen och blev liberalismens främsta anhängare?	Borgerskapet (medelklassen/industriägarna)	Bönderna som fått fri jord	Det lägre prästerskapet	Hantverkarna i stadsgillena
1_3_U1	De nya ideologierna	Hur ville liberalerna under 1800-talet fördela den politiska makten för att begränsa kungens inflytande?	Genom ett parlament som delade makten och en konstitution	Genom att avskaffa monarkin och instifta en republik	Genom direktdemokrati där alla medborgare röstade om varje lag	Genom att ge makten till de mest välutbildade experterna
1_3_U1	De nya ideologierna	Vad ansåg de konservativa var nödvändigt för att en samhällsförändring skulle kunna genomföras på ett bra sätt?	Att förändringar skedde gradvis och varsamt	Att förändringarna stöddes av en folklig revolution	Att kyrkan godkände alla reformer innan de genomfördes	Att monarken ensam fattade beslut om reformer
1_3_U1	De nya ideologierna	Vilken roll ansåg de konservativa att religionen spelade i samhället?	En viktig stabiliserande kraft som höll samhället samman	En förtryckande institution som behövde reformeras	En privat angelägenhet utan plats i politiken	En progressiv kraft som drev samhällets utveckling
1_3_U1	De nya ideologierna	Vad var enligt konservatismen statens främsta uppgift?	Att bevara den rådande ordningen och traditionerna	Att maximera individers frihet och minimera statlig inblandning	Att omfördela resurser rättvist mellan rika och fattiga	Att bygga ett starkt militärt försvar mot yttre hot
1_3_U1	De nya ideologierna	Vilken skrift, författad av Marx och Engels, lade grunden för socialismens tankar?	Det kommunistiska manifestet	Kapitalet (Das Kapital)	Principerna för politisk ekonomi	Socialismens ursprung
1_3_U1	De nya ideologierna	Vad kallas det sätt att se på historien där lagar, kultur och politik styrs av samhällets ekonomiska strukturer?	Historisk materialism	Dialektisk idealism	Ekonomisk determinism	Marxistisk strukturalism
1_3_U1	De nya ideologierna	I vilka två huvudgrenar splittrades den socialistiska rörelsen i slutet av 1800-talet?	Revolutionär socialism och reformistisk socialism (socialdemokrati)	Kommunism och anarkism	Syndikalism och kristendomssocialism	Marxism och fabianism
1_3_U2	De nya ideologierna	Från vilken tidigare rörelse hämtade liberalismen sina tankar om människors lika värde?	Upplysningen	Renässansen	Reformationen	Merkantilismen
1_3_U2	De nya ideologierna	Vilken grupp i samhället betraktades av dåtidens liberaler som underordnad mannen i hushållet?	Kvinnorna	Bönderna	Hantverkarna	Tjänstefolket
1_3_U2	De nya ideologierna	Vad händer med priset och kvaliteten på varor enligt liberalismen om det råder fri konkurrens?	Priserna sjunker och kvaliteten förbättras	Priserna stiger och vinsterna ökar för producenter	Priserna stabiliseras och kvaliteten hålls jämn	Staten kan bättre kontrollera både pris och kvalitet
1_3_U2	De nya ideologierna	Vilken specifik samhällsklass ansåg 1800-talets liberaler borde sitta på den politiska makten?	Det välutbildade och besuttna borgerskapet	Alla myndiga manliga medborgare oavsett klass	Monarken och hans utsedda råd av experter	Det industriarbetande proletariatet
1_3_U2	De nya ideologierna	Hur såg liberalerna på rätten för människor att fritt äga sin egendom?	Äganderätten var en grundläggande rättighet som staten inte fick kränka	Egendom borde delas rättvist av alla samhällsmedlemmar	Staten borde äga produktionsmedlen och fördela avkastningen	Egendom var en social konstruktion som kunde omfördelas vid behov
1_3_U2	De nya ideologierna	Vilka två grupper, utöver aristokrater, var de främsta anhängarna av konservatismen?	Prästerskapet och bönder med tradition	Industriägare och köpmän i städerna	Militärer och höga ämbetsmän	Hantverkare och småföretagare
1_3_U2	De nya ideologierna	Vad jämförde de konservativa samhället med för att förklara att förändringar måste få mogna fram?	En växande planta eller ett träd	En maskin som behöver underhåll	En flod som alltid flödar framåt	En byggnad som kräver stark grund
1_3_U2	De nya ideologierna	Vad ville de mest radikala socialisterna göra med all privat egendom?	Avskaffa och kollektivisera den	Beskatta den hårt men låta individer äga den	Reglera den strängt men behålla äganderätten	Endast avskaffa storföretagens egendom
1_3_U2	De nya ideologierna	Vad kallas den kamp mellan de som arbetar och de som äger, som enligt Marx driver historien framåt?	Klasskampen	Produktionskampen	Historisk kamp	Dialektisk rörelse
1_3_U2	De nya ideologierna	Vad kallas det slutgiltiga samhällsstadiet där det enligt socialismen inte längre finns några klasser?	Kommunismen	Anarkismen	Socialdemokratin	Folkrepubliken
1_4_U1	Nationalismen	Vilka var de två motstridiga sätten som nationalismen kunde verka på under 1800-talet?	Samlande (förenande) och splittrande (frigörande)	Konservativa och revolutionära	Ekonomiska och militaristiska	Religiösa och sekulära
1_4_U1	Nationalismen	Från vilket välde ville grekerna frigöra sig för att bilda en egen stat?	Det osmanska riket	Det habsburgska riket	Det ryska tsarriket	Den brittiska imperiet
1_4_U1	Nationalismen	Vilka två stora europeiska länder skapades under 1800-talets andra hälft genom att mindre stater gick samman?	Italien och Tyskland	Polen och Ungern	Belgien och Holland	Norge och Danmark
1_4_U1	Nationalismen	Vad kallade Giuseppe Mazzini sin rörelse för ett enat Italien?	Unga Italien (La giovine Italia)	Det enade fäderneslandet	Italiens nationalrörelse	Risorgimento-förbundet
1_4_U1	Nationalismen	Vilken stormakt kontrollerade de norra delarna av den italienska halvön vid mitten av 1800-talet?	Österrike	Frankrike	Spanien	Det osmanska riket
1_4_U1	Nationalismen	Vem blev det enade Italiens förste kung år 1861?	Viktor Emanuel II	Giuseppe Garibaldi	Camillo Cavour	Umberto I
1_4_U1	Nationalismen	Vilken tysk stat ledde arbetet med att ena Tyskland?	Preussen	Österrike	Bayern	Sachsen
1_4_U1	Nationalismen	Vad hette den ministerpresident som menade att politik handlade om "blod och järn"?	Otto von Bismarck	Helmuth von Moltke	Friedrich Wilhelm IV	Kaiser Wilhelm I
1_4_U1	Nationalismen	I vilket land och i vilken byggnad utropades det tyska riket 1871?	I Frankrike, i Versaillesslottets spegelsala	I Preussen, i Berlins riksdag	I Bayern, i München residens	I Österrike, i Wiens kejsarpalats
1_4_U1	Nationalismen	Vilken stormakt tävlade det nya Tyskland med om att vara den ledande ekonomiska makten i Europa?	England (Storbritannien)	Frankrike	Ryssland	Österrike-Ungern
1_4_U2	Nationalismen	Varför betraktades nationalismen som en splittrande kraft i vissa delar av Europa?	Minoritetsfolk inom mångkulturella imperier krävde självständighet	Nationalismen skapade ekonomiska handelsbarriärer mellan länder	Nationalister ville avskaffa monarkin och skapa republiker	Nationalistiska rörelser bekämpade varandra om landområden
1_4_U2	Nationalismen	Vilken stat på den italienska halvön var den drivande kraften bakom Italiens enande?	Kungadömet Sardinien-Piemonte	Kyrkostaten	Kungadömet Neapel	Storhertigdömet Toscana
1_4_U2	Nationalismen	När blev Rom en del av det enade Italien?	1870	1861	1848	1866
1_4_U2	Nationalismen	Vilka var de två främsta egenskaperna hos staten Preussen under 1860-talet?	Stark militär och effektiv centralförvaltning	Stor befolkning och rika naturresurser	Bred demokratisk bas och stark ekonomi	Geografiskt central position och kontroll över handelsleder
1_4_U2	Nationalismen	Vilket var det första landet som Preussen besegrade i krig under vägen mot ett enat Tyskland?	Danmark (1864)	Österrike (1866)	Frankrike (1870)	Bayern (1866)
1_4_U2	Nationalismen	Hur länge varade kriget mellan Preussen och Österrike år 1866?	Sju veckor	Tre månader	Sex månader	Två år
1_4_U2	Nationalismen	Varför förklarade den franske kejsaren Napoleon III krig mot Preussen 1870?	Han ville hindra Preussens växande makt och bevara fransk hegemoni i Europa	Han ville erövra Rhen-provinsen och expandera franskt territorium	Han agerade som bundsförvant åt Österrike efter 1866 års krig	Han ville befria de franska hugenottminoriteterna i tyska stater
1_4_U2	Nationalismen	Vilka två landområden tvingades Frankrike lämna ifrån sig till Tyskland efter kriget 1870–71?	Alsace och Lorraine (Elsass och Lothringen)	Burgundy och Champagne	Bretagne och Normandie	Provence och Roussillon
1_4_U2	Nationalismen	Vad kännetecknade den "preussiska ordning" som präglade det nya tyska riket?	Stark militär disciplin, effektiv byråkrati och begränsad demokrati	Parlamentarisk demokrati med starka regionala delstater	Fri marknadsekonomi med minimal statlig inblandning	Religiös enhet och stark kyrklig inflytande på politiken
1_4_U2	Nationalismen	Vilka är de två huvudperspektiv som historiker använder för att förklara Tysklands enande?	Nerifrån (folklig nationalism) och uppifrån (statsmannakonst och krig)	Ekonomiskt (industri) och politiskt (parlament)	Religiöst (protestantism) och kulturellt (romantik)	Militärt (erövring) och diplomatiskt (förhandling)
1_5_U1	Inför ett storkrig	Vad kallas perioden mellan 1871 och 1914 då stormakterna rustade för krig men bevarade freden?	La Belle Époque / Väpnad fred	Pax Britannica	Det långa seklet	Den europeiska balansen
1_5_U1	Inför ett storkrig	Vilka två länder var ekonomiska konkurrenter och tävlade om dominansen till sjöss?	England (Storbritannien) och Tyskland	Frankrike och Ryssland	Österrike och Preussen	USA och Ryssland
1_5_U1	Inför ett storkrig	Vad tävlade de europeiska stormakterna om i Afrika under slutet av 1800-talet?	Kolonier och råvarutillgångar	Religiöst inflytande och missionärsverksamhet	Handelsrutter och hamnrättigheter	Militärbaser och strategiska positioner
1_5_U1	Inför ett storkrig	Vilket område i Europa kom att kallas för "Europas oroliga hörn"?	Balkan	Alsace-Lorraine	De baltiska staterna	Apenninska halvön
1_5_U1	Inför ett storkrig	Vilket år bildades dubbelmonarkin Österrike-Ungern?	1867	1848	1871	1878
1_5_U1	Inför ett storkrig	Ungefär hur många invånare hade det habsburgska riket under 1800-talet?	Cirka 50 miljoner	Ungefär 30 miljoner	Runt 80 miljoner	Circa 20 miljoner
1_5_U1	Inför ett storkrig	Vilken känd psykolog var verksam i Wien under slutet av 1800-talet?	Sigmund Freud	Carl Jung	Alfred Adler	Wilhelm Wundt
1_5_U1	Inför ett storkrig	Vilket öknamn fick det osmanska riket under början av 1800-talet på grund av sin svaghet?	Europas sjuke man	Den förlorade giganten	Orientens korrumperade välde	Det gamla imperiets rester
1_5_U1	Inför ett storkrig	Vilken grupp utgjorde den styrande överklassen i det osmanska riket?	Den turkiska militär- och ämbetsmannaeliten	Den muslimska prästklassen (ulema)	Den kristna handelsklassen i Istanbul	Den osmanska stamadeln
1_5_U1	Inför ett storkrig	Vilket år utropades den nya staten Turkiet?	1923	1918	1920	1922
1_5_U2	Inför ett storkrig	Vilket syfte hade de militära allianser som stormakterna ingick före 1914?	Att avskräcka motståndare och skydda sig mot angrepp	Att gemensamt erövra nya kolonier i Afrika och Asien	Att samordna ekonomisk politik och handelsfördrag	Att förhindra interna revolter och demokratiska rörelser
1_5_U2	Inför ett storkrig	Varför skapade nationalismen stora spänningar inom det habsburgska riket?	Riket bestod av många folk som ville ha självstyre	Riket hade nyligen förlorat territorier till en nationalistisk rörelse	Nationalismen krävde att kejsaren skulle avskaffa prästerskapet	Nationalismen ledde till ekonomiska strejker som hotade rikets stabilitet
1_5_U2	Inför ett storkrig	Vad hände med det habsburgska riket efter första världskrigets slut?	Det upplöstes i flera nya stater	Det omvandlades till en folkrepublik under socialdemokratiskt styre	Det reformerades och bildade en federation med nya gränser	Det delades mellan segrarmakterna Frankrike och England
1_5_U2	Inför ett storkrig	Vilken stad var huvudstad i det osmanska riket (tidigare kallad Konstantinopel)?	Istanbul	Ankara	Izmir	Bagdad
1_5_U2	Inför ett storkrig	Vad krävdes av de erövrade folken i det osmanska riket för att de skulle få behålla sin religion och sina seder?	Att betala en särskild skatt och lyda osmanska lagar	Att konvertera till islam inom en generation	Att bidra med soldater till den osmanska armén	Att adoptera det arabiska alfabetet och osmanskt språk
1_5_U2	Inför ett storkrig	Vilken titel hade härskaren som satt i toppen av det osmanska politiska systemet?	Sultan (kalif)	Emir	Padishah	Vizier
1_5_U2	Inför ett storkrig	Vilken rörelse tog makten i det osmanska riket genom en statskupp år 1908?	Ungturkarna (Komittén för enhet och framsteg)	Den panarabiska nationalrörelsen	Det islamistiska brödraskapet	Den kristna nationalgardet
1_5_U2	Inför ett storkrig	På vilken sida i första världskriget stred det osmanska riket?	Centralmakternas sida (med Tyskland och Österrike)	Ententens sida (med Frankrike och England)	Det förblev neutralt under hela kriget	Det stred på olika sidor under krigets gång
1_5_U2	Inför ett storkrig	Vem var ledaren för den revolution som ledde fram till det moderna Turkiets födelse?	Mustafa Kemal (Atatürk)	Enver Pasha	Talat Pasha	İsmet İnönü
1_5_U2	Inför ett storkrig	Varför upplevde de osmanska områdena aldrig perioder som renässansen eller upplysningen?	Den geografiska och kulturella isoleringen och stark islamisk tradition	Det osmanska riket var för fattigt för att finansiera konst och vetenskap	Den ständiga krigföringen hindrade kulturell och intellektuell utveckling	Européerna blockerade aktivt kunskapsöverföring till Mellanöstern
2_1_U1	De tidiga demokratiska fostrarna	Vad kallas den svenska samhällsutvecklingen som tog fart efter andra världskrigets slut?	Folkhemmet / välfärdssamhällets framväxt	Moderniseringen av det agrara samhället	Industrialiseringens genombrott och urbanisering	Den stora demokratiseringen och valreformerna
2_1_U1	De tidiga demokratiska fostrarna	Vilka var de två främsta anledningarna till att människor lämnade landsbygden under 1800-talet?	Jordbrukskrisen och industrins arbetstillfällen i städerna	Religionsfrihet och möjlighet att bilda frikyrkor	Politisk frihet och rätten att delta i riksdagsval	Skiftesreformerna och markägarnas ökade makt
2_1_U1	De tidiga demokratiska fostrarna	Vilka var de fyra viktigaste folkrörelserna i Sverige under 1800-talet?	Nykterhetsrörelsen, väckelserörelsen, arbetarrörelsen och kvinnorörelsen	Nykterhetsrörelsen, emigrationsrörelsen, skolrörelsen och hembygdsrörelsen	Fackföreningsrörelsen, bondeförbundet, nykterhetsrörelsen och missionsrörelsen	Läsarrörelsen, radikalisterna, rösträttsrörelsen och sjukhjälpsföreningarna
2_1_U1	De tidiga demokratiska fostrarna	Vad företrädde den tidiga nykterhetsrörelsen för ideal gällande konsumtion av brännvin respektive öl?	Totalt förbud mot brännvin men moderat konsumtion av öl	Total alkoholabstinens — varken brännvin eller öl fick förtäras	Fri konsumtion av öl men statligt reglerad försäljning av sprit	Begränsad spritkonsumtion till helger och högtider
2_1_U1	De tidiga demokratiska fostrarna	Vilken organisation blev den största nykterhetslogen i Sverige?	IOGT (Internationella Godtemplarorden)	Vita bandet	Riksförbundet mot alkohol	Blåbandsrörelsen
2_1_U1	De tidiga demokratiska fostrarna	Vad hette den nykterhetsrörelse som bildades år 1900 enbart för kvinnor?	Vita bandet	IOGT	Blåbandsföreningen	Frälsningsarmén
2_1_U1	De tidiga demokratiska fostrarna	Vad var syftet med den motbok som infördes permanent efter folkomröstningen 1922?	Att begränsa hur mycket alkohol en enskild person fick köpa	Att registrera alla alkoholister och neka dem inköp	Att föra statistik över alkoholkonsumtionen i landet	Att se till att alkohol bara såldes till vuxna över 25 år
2_1_U1	De tidiga demokratiska fostrarna	Varför uppstod väckelserörelsen som en reaktion mot statskyrkan?	Statskyrkan upplevdes som kall och formalistisk; folk sökte personlig tro	Statskyrkan krävde för höga kyrkoskatter av fattigfolk	Statskyrkan stödde adeln och förnekade de fattigas rätt till bibelstudier	Statskyrkan förbjöd religiösa möten utanför kyrkorummet
2_1_U1	De tidiga demokratiska fostrarna	Nämn ett exempel på ett frikyrkligt samfund som skapades under denna tid.	Metodisterna (Baptisterna/Pingströrelsen)	Lutherska missionsförbundet	Svenska kyrkan av frikyrklig inriktning	Allianskyrkan och evangelisterna
2_1_U1	De tidiga demokratiska fostrarna	På vilka två sätt bidrog folkrörelserna till den demokratiska skolningen av sina medlemmar?	Genom demokratiska möten med röstning och valda ordföranden, och utbildning i tal och skrift	Genom att utbilda egna riksdagskandidater och finansiera valrörelser	Genom att skapa egna tidningar och utbilda journalister	Genom att starta skolor och bidra till folkbildning via bibliotek
2_1_U2	De tidiga demokratiska fostrarna	Vilka var de huvudsakliga målen för arbetarna när de började organisera sig i fackföreningar?	Bättre löner, kortare arbetstid och förbättrade arbetsvillkor	Rösträtt för alla medborgare och politisk representation	Avskaffandet av privat egendom och kollektivt ägande av fabriker	Obligatorisk utbildning för alla barn och avskaffande av barnarbete
2_1_U2	De tidiga demokratiska fostrarna	Hur såg löneskillnaderna ut mellan kvinnor och män inom industrin fram till 1960-talet?	Kvinnor tjänade systematiskt lägre lön än män	Männen och kvinnorna hade i princip lika lön inom de flesta branscher	Männen tjänade mer i tyngre industri men lika i lätt industri	Löneskillnaderna var lagstadgade och skiljde sig beroende på stad
2_1_U2	De tidiga demokratiska fostrarna	Vad kallas den sammanslutning för olika fackförbund som bildades år 1898?	LO (Landsorganisationen)	TCO (Tjänstemännens centralorganisation)	SAF (Svenska Arbetsgivareföreningen)	SAP (Socialdemokratiska arbetarpartiet)
2_1_U2	De tidiga demokratiska fostrarna	Vilket stridsmedel använde arbetsgivarna i Svenska Arbetsgivareföreningen (SAF) mot arbetarna?	Lockout (stängning av arbetsplatser)	Strejkbrytare hämtade från utlandet	Politisk lobbying för att förbjuda fackföreningar	Poliseskort av personal under strejker
2_1_U2	De tidiga demokratiska fostrarna	Hur tvingades arbetarna att ge upp sina strejker när fackföreningarnas pengar tog slut?	De tvingades kapitulera och acceptera arbetsgivarnas villkor	De sökte statligt stöd och fick bidrag från riksdagen	De vädjade till internationella fackföreningar om ekonomisk hjälp	De inledde politisk kamp i riksdagen istället för strejk
2_1_U2	De tidiga demokratiska fostrarna	Hur många arbetare deltog i den stora storstrejken år 1909?	Cirka 300 000	Ungefär 100 000	Runt 500 000	Nära 50 000
2_1_U2	De tidiga demokratiska fostrarna	Vilken var den enda kategorin av kvinnor som var myndig enligt äldre lagstiftning?	Änkor	Gifta konor	Ogifta kvinnor över 30 år	Kvinnor med akademisk examen
2_1_U2	De tidiga demokratiska fostrarna	Vilket år infördes lagstiftning om lika arvsrätt för män och kvinnor i Sverige?	1845	1921	1863	1909
2_1_U2	De tidiga demokratiska fostrarna	Vad innebar det system för prostitution som kallades för reglementeringen?	Att prostituerade registrerades och tvingades genomgå regelbundna läkarundersökningar	Att prostitution förbjöds och de prostituerade placerades i arbetshem	Att männen som köpte sex registrerades och betalade en skatt	Att bordeller reglerades och fick licenser av kommunen
2_1_U2	De tidiga demokratiska fostrarna	I vilken stad slöts överenskommelsen som gjorde att unionen mellan Sverige och Norge upplöstes fredligt?	Karlstad	Stockholm	Oslo (Kristiania)	Göteborg
2_2_U1	Det demokratiska genombrottet	Vilka var de fyra stånd som utgjorde den svenska riksdagen fram till år 1866?	Adeln, prästerskapet, borgarna och bönderna	Adeln, officerskåren, borgarna och bönder	Kungen, adeln, prästerskapet och folket	Ridderskapet, kyrkan, köpmännen och hantverkarna
2_2_U1	Det demokratiska genombrottet	Vilka ekonomiska krav ställdes för att en person skulle få rösträtt till den andra kammaren efter 1866?	Man måste äga viss egendom eller betala en viss inkomstskatt	Man måste äga fastighet värd minst 1000 riksdaler	Man måste kunna läsa och skriva samt vara skattebetalare	Man måste vara myndig, man och verksam i ett yrke
2_2_U1	Det demokratiska genombrottet	Hur motiverade motståndarna till kvinnlig rösträtt att kvinnor inte skulle delta i politiken?	Att politiken var männens domän och att kvinnor saknade förmåga till politiskt tänkande	Att kvinnorna inte betalade skatt och därför inte hade rätt att rösta	Att kyrkan förbjöd kvinnors deltagande i offentliga angelägenheter	Att militärtjänst och rösträtt hörde ihop och kvinnor inte tjänstgjorde
2_2_U1	Det demokratiska genombrottet	Vilken förening bildades 1903 för att driva kampen för kvinnlig rösträtt?	Landsföreningen för kvinnans politiska rösträtt (LKPR)	Nationella fruntimmersförbundet	Svenska kvinnors nationella förbund	Rösträttssällskapet för svenska kvinnor
2_2_U1	Det demokratiska genombrottet	Hur bidrog införandet av den allmänna värnplikten 1901 till debatten om rösträtt för män?	Det ansågs orättvist att kräva militärtjänst av dem som saknade rösträtt	Soldaterna organiserade sig politiskt och krävde rösträtt som belöning	Värnplikten visade att alla medborgare var jämlika och förtjänade rösträtt	Militären stödde demokratirörelsen och pressade riksdagen
2_2_U1	Det demokratiska genombrottet	Vilka politiska partier samarbetade i början av 1900-talet för att driva igenom allmän rösträtt?	Liberalerna och Socialdemokraterna	Konservativa och Liberaler	Böndeförbundet och Socialdemokraterna	Alla riksdagspartier i enighet
2_2_U1	Det demokratiska genombrottet	Vad orsakade de så kallade hungerkravallerna i Sverige under våren 1917?	Livsmedelsbrist och matransonering på grund av första världskrigets blockad	Extremt kalla vintrar och missväxt som slog ut skörden	Spekulanter som höjde matpriserna utan statlig kontroll	Strejker bland livsmedelsarbetare som lamslog distributionen
2_2_U1	Det demokratiska genombrottet	Varför ledde kung Gustav V:s borggårdstal 1914 till en politisk kris?	Kungen kritiserade den sittande liberala regeringens försvarsbudget och agerade utanför sin konstitutionella roll	Kungen förklarade att Sverige skulle gå med i kriget mot Ryssland	Kungen hotade att abdikera om riksdagen inte ökade försvarsanslaget	Kungen kritiserade arbetarrörelsen och hotade att förbjuda fackföreningarna
2_2_U1	Det demokratiska genombrottet	Vilket år hölls det första riksdagsvalet där både män och kvinnor hade allmän och lika rösträtt?	1921	1919	1920	1924
2_2_U1	Det demokratiska genombrottet	Vad kallades den politiska överenskommelsen mellan Socialdemokraterna och Bondeförbundet år 1933?	Kohandeln	Saltsjöbadsavtalet	Decemberkompromissen	Krispakten
2_2_U2	Det demokratiska genombrottet	Varför var de svenska regeringarna ofta svaga och kortvariga mellan 1920 och 1932?	Inget parti hade egen majoritet; minoritetsregeringar föll lätt	Riksdagen hade för stor makt och kunde avsätta regeringen när som helst	Kungen utnämnde och avsatte ministrar efter personliga önskemål	Konstitutionen tillät bara tvååriga mandatperioder
2_2_U2	Det demokratiska genombrottet	Vilken tragisk händelse inträffade i Ådalen 1931 i samband med en arbetsmarknadskonflikt?	Militär sköt mot demonstrerande strejkande och dödade fem personer	En fabriksexplosion dödade tio arbetare under en strejk	En polis dödades av strejkande och militären sattes in	Trettio arbetare arresterades och dömdes till fängelse
2_2_U2	Det demokratiska genombrottet	Vad innebar Saltsjöbadsavtalet från 1938 för relationen mellan arbetsmarknadens parter?	LO och SAF kom överens om regler för löneförhandlingar utan statlig inblandning	Staten fick rätt att sätta minimilöner och maximal arbetstid	Arbetsgivarna fick rätt att bestämma löner utan att förhandla med facken	Alla strejker förbjöds och tvistlösning överläts till domstolar
2_2_U2	Det demokratiska genombrottet	Vilket var det övergripande målet för den svenska samlingsregeringen under andra världskriget?	Att hålla Sverige utanför kriget och bevara neutraliteten	Att stödja Finland militärt mot Sovjet och sedan mot Tyskland	Att ingå allians med de demokratiska länderna mot nazisterna	Att styra ekonomin med ransonering och planekonomi
2_2_U2	Det demokratiska genombrottet	Vad hände under den så kallade midsommarkrisen 1941?	Sverige tillät tyska truppförflyttningar genom Sverige (transiteringstillståndet)	Sverige gick med i den tyska invasionen av Sovjet som observatörsstat	Sverige bröt diplomatiska förbindelser med Nazityskland	Sverige förklarade sig aktivt neutralt och utvisade tyska soldater
2_2_U2	Det demokratiska genombrottet	På vilket sätt skilde sig Sveriges ställningstagande i kriget mellan Finland och Sovjetunionen från den vanliga neutraliteten?	Sverige tillät frivilliga att slåss för Finland och gav materielstöd	Sverige skickade reguljär militär till Finland som del av nordiska försvaret	Sverige deklarerade sig som allierat med Finland och avbröt handeln med Sovjet	Sverige medlade i fredsförhandlingar och erbjöd sina gränsorter som neutralt territorium
2_2_U2	Det demokratiska genombrottet	Vilka insatser gjorde Folke Bernadotte och de "vita bussarna" i slutet av kriget?	De räddade koncentrationslägerfångar och förde dem till Sverige	De evakuerade civila flyktingar från östra Europa till Sverige	De förhandlade vapenvila på östfronten och räddade tyska soldater	De transporterade livsmedel och medicin till lägerfångar i Polen
2_2_U2	Det demokratiska genombrottet	Hur hjälpte diplomaten Raoul Wallenberg judar i Ungern under krigsåren?	Han utfärdade svenska skyddspass som skyddade judar från deportation	Han organiserade flyktvägar via Sverige till neutrala länder	Han mulade tyska tjänstemän för att frisläppa judar från läger	Han organiserade underjordiska gömställen i Budapests källare
2_2_U2	Det demokratiska genombrottet	Hur påverkades vardagslivet i Sverige av att varor som kött, kaffe och bensin ransonerades?	Medborgarna fick begränsade mängder av ransoneringskort	Svartamarknaden blomstrade och prisnivån steg dramatiskt	Befolkningen tvingades odla egna grönsaker och hålla egna höns	Staten köpte upp all tillgänglig mat och fördelade den centralt
2_2_U2	Det demokratiska genombrottet	Vilket begrepp användes för att beskriva det välfärdssamhälle som började byggas efter krigets slut?	Folkhemmet	Välfärdsstaten	Solidaritetssamhället	Det moderna projektet
2_3_U1	Det svenska folkhemmet	Vem använde begreppet "folkhem" för första gången i ett tal år 1928?	Per Albin Hansson	Hjalmar Branting	Ernst Wigforss	Tage Erlander
2_3_U1	Det svenska folkhemmet	Vilken typ av skattesystem planerades för att finansiera folkhemmets reformer?	Progressiv inkomstskatt (de rika betalar mer)	Platt skatt (alla betalar samma procentsats)	Mervärdesskatt (konsumtionsskatt på alla varor)	Förmögenhetsskatt (skatt på kapital och tillgångar)
2_3_U1	Det svenska folkhemmet	Varför tvingades man skjuta upp genomförandet av de planerade reformerna på 1930-talet?	Den stora ekonomiska depressionen krävde krishantering istället	Riksdagen röstade ner reformförslagen gång på gång	Kungen använde sitt veto mot de sociala reformerna	Kommunerna saknade resurser att genomföra statens beslut
2_3_U1	Det svenska folkhemmet	Hur många år i rad styrde Socialdemokraterna Sverige efter samlingsregeringens avgång 1945?	44 år (till 1976)	16 år (till 1961)	32 år (till 1977)	28 år (till 1973)
2_3_U1	Det svenska folkhemmet	Vad innebar reformen om höjd folkpension som antogs 1946?	Alla medborgare fick en grundpension oavsett tidigare yrke eller inkomst	Pensionsåldern sänktes från 67 till 65 år för alla yrkesarbetande	Pensionen kopplades till antalet år man arbetat och lön	Enbart industriarbetare och statliga tjänstemän fick höjd pension
2_3_U1	Det svenska folkhemmet	Vilka två saker blev kostnadsfria i folkskolan år 1946?	Skolböcker och skolmåltider	Pennor och anteckningsböcker och skollunch	Läxhjälp och fritidsverksamhet efter skoltid	Trafik till skolan och skoluniform
2_3_U1	Det svenska folkhemmet	Vad innebär det att den svenska välfärdspolitiken beskrivs som "generell"?	Att alla medborgare har rätt till förmånerna oavsett inkomst eller status	Att bara de fattigaste i samhället får tillgång till bidrag och stöd	Att arbetsgivarna finansierar välfärden via avgifter till staten	Att kommunerna själva avgör vilka som ska få stöd
2_3_U1	Det svenska folkhemmet	Vad kallas den period mellan 1946 och början av 1950-talet då många reformer genomfördes?	Den stora reformperioden	Det socialdemokratiska genombrottet	Folkhemmets guldålder	Efterkrigsboomens tidsålder
2_3_U1	Det svenska folkhemmet	Varför flyttade hundratusentals människor från landsbygden till städerna under 1950-talet?	Industrins expansion skapade arbetstillfällen i städerna	Skiftesreformer tvingade bort bönder från sina gårdar	Statliga subventioner upphörde för jordbruket	Utbildningssatsningar krävde att familjer bosatte sig nära städer
2_3_U1	Det svenska folkhemmet	Vad var det huvudsakliga målet med det så kallade "miljonprogrammet" som startade 1965?	Att bygga en miljon bostäder på tio år för att lösa bostadsbristen	Att investera en miljard kronor i infrastruktur och kommunikationer	Att anlägga en miljon nya hektar skogsmark för träindustrin	Att sysselsätta en miljon nya industriarbetare i svenska fabriker
2_3_U2	Det svenska folkhemmet	Vilket år startade de första tv-sändningarna i Sverige?	1956	1949	1960	1963
2_3_U2	Det svenska folkhemmet	Hur många människor steriliserades i Sverige mellan 1935 och 1975 enligt dåvarande lagstiftning?	Cirka 63 000	Ungefär 15 000	Runt 100 000	Nära 30 000
2_3_U2	Det svenska folkhemmet	Vilken grupp i samhället utgjorde 93 % av dem som steriliserades?	Kvinnor	Psykiskt sjuka patienter	Kriminella och intagna	Invandrade från Sydeuropa
2_3_U2	Det svenska folkhemmet	Vad kallas den invandring av människor som kom för att arbeta i svenska företag under 1950- och 60-talen?	Arbetskraftsinvandring	Flyktinginvandring	Familjeåterförening	Ekonomisk migration
2_3_U2	Det svenska folkhemmet	Under vilket decennium började man tala om "tonåringen" som ett eget fenomen?	1950-talet	1940-talet	1960-talet	1970-talet
2_3_U2	Det svenska folkhemmet	Vad protesterade unga människor mot i slutet av 1960-talet inom den så kallade fredsrörelsen?	Vietnamkriget och kärnvapen	Apartheid i Sydafrika och kolonialstyret	NATO och den militära upprustningen	Fattigdom och hunger i tredje världen
2_3_U2	Det svenska folkhemmet	Vilket feministiskt nätverk grundades 1968 för att kämpa för bland annat utbyggd barnomsorg?	Grupp 8	Röda strumporna	Feministo	Socialistiska feminister
2_3_U2	Det svenska folkhemmet	Vilken reform år 1974 gav fäder samma rätt som mödrar att vara hemma med sina barn?	Föräldraförsäkringen (pappaledigheten)	Jämställdhetslagen i arbetslivet	Barnomsorgslagen med statliga dagis	Föräldrabalken med delad vårdnad
2_3_U2	Det svenska folkhemmet	Vad orsakade den ekonomiska krisen och behovet av energisparande i Sverige 1973?	Oljekrisen (OPEC:s oljeboykott mot Väst)	En stor torka som förstörde jordbruksskörden	En bankkris som drabbade de svenska storbankerna	En internationell handelskris som sänkte exporten
2_3_U2	Det svenska folkhemmet	Vad blev resultatet av folkomröstningen om kärnkraft som hölls 1980?	Sverige beslutade att avveckla kärnkraften på sikt	Sverige röstade för att bygga ut kärnkraften ytterligare	Omröstningens resultat var oavgjort och beslut sköts upp	Sverige beslutade att omedelbart stänga alla kärnkraftverk
3_1_U1	Jordbrukssamhället	Hur stor del av befolkningen bodde på landsbygden i Sverige fram till slutet av 1700-talet?	Ungefär 90 procent	Runt 50 procent	Cirka 70 procent	Nästan 99 procent
3_1_U1	Jordbrukssamhället	Vilka var de typiska arbetsuppgifterna för män respektive kvinnor i jordbrukssamhället?	Män skötte åkerbruk och djurskötsel; kvinnor skötte hushållet och mjölkning	Männen brukade marken; kvinnorna sydde kläder och skötte barnen hemma	Männen skötte spannmålsodling; kvinnorna skötte handelskontakter med städerna	Männen ansvarade för byggnader; kvinnorna ansvarade för trädgårdsodling
3_1_U1	Jordbrukssamhället	Vad innebar det för en lantarbetare att vara en så kallad "statare"?	Att arbeta mot lön i form av mat och husrum på ett gods (naturahushållning)	Att vara en fristående bonde som arrenderade statlig jord	Att vara kronans tjänare som samlade in skatt från bönder	Att arbeta som rättare och förvalta ett adligsgods
3_1_U1	Jordbrukssamhället	Vilket år avskaffades statarsystemet slutgiltigt i Sverige?	1945	1920	1933	1960
3_1_U1	Jordbrukssamhället	Från vilka områden i Europa kom de experter som hjälpte till att utveckla den svenska järnindustrin under 1600-talet?	Vallonien (nuvarande Belgien)	Sachsen i nuvarande Tyskland	Flandern i nuvarande Belgien och Holland	Norra Frankrike och Paris-regionen
3_1_U1	Jordbrukssamhället	Hur fungerade "förlagssystemet" som en del av hemindustrin på landsbygden?	En köpman levererade råmaterial till bönder som tillverkade varor hemma och sålde dem tillbaka	Staten delade ut jord till fattiga bönder som odlade den och gav hälften i skatt	Adeln lånade ut pengar till bönder mot säkerhet i deras mark	Kyrkan förvalade allmänningarna och delade ut resurser till behövande
3_1_U1	Jordbrukssamhället	Vilka tre faktorer brukar användas för att förklara den kraftiga befolkningsökningen under 1800-talet?	Fred, potatis och vaccination	Ökad handel, kolonisering och industriarbete	Jordbruksreformer, torkning av våtmarker och nyodling	Minskad barnadödlighet, bättre hygien och välstånd
3_1_U1	Jordbrukssamhället	Vad riskerade en person som inte arbetade att anklagas för enligt tidens lagstiftning?	Lösdriveri	Trolldom och vidskepelse	Upplopp och uppror	Fattigdomsbrott och tiggeri
3_1_U1	Jordbrukssamhället	Vilket var huvudsyftet med att införa den obligatoriska folkskolan år 1842?	Att ge alla barn grundläggande läs-, skriv- och räknekunskaper	Att fostra lydiga medborgare som respekterade kungamakten	Att förbereda barn för fabriksarbete och industrisamhället	Att ge kyrkan kontroll över utbildning och moralisk fostran
3_1_U1	Jordbrukssamhället	Vilket ansvar fick landets församlingar genom 1847 års fattigvårdsförordning?	Att ta hand om och försörja sina fattiga	Att registrera alla fattigfolk och rapportera till staten	Att skicka fattiga till arbetsläger för rehabilitering	Att driva skolor och erbjuda utbildning åt fattiga barn
3_1_U2	Jordbrukssamhället	Hur påverkade de olika skiftesreformerna det fysiska utseendet på den svenska landsbygden?	Gårdar samlades ihop och enskilda ägor lades samman; bybor tvingades flytta ut från byarna	Fler gårdar delades och byborna fick mindre men egna tegar nära byn	Bönder tvingades odla statlig mark och lämna sina hemgårdar	Stora gods styckades upp och delades ut till landsbygdens fattiga
3_1_U2	Jordbrukssamhället	Vad kallas den process där människor lämnar landsbygden för att bosätta sig i städer?	Urbanisering	Industrialisering	Proletarisering	Migrering
3_1_U2	Jordbrukssamhället	Vilka yrkesgrupper räknades till den framväxande medelklassen under början av 1800-talet?	Läkare, lärare, tjänstemän och affärsmän	Hantverkare, handelsmän och bönder med egna gårdar	Industriarbetare med fast anställning och god lön	Adelsmän utan större gods men med tjänster vid hovet
3_1_U2	Jordbrukssamhället	Ungefär hur många svenskar emigrerade totalt till USA mellan åren 1850 och 1914?	Cirka en miljon	Runt 300 000	Ungefär 500 000	Nära 1,5 miljoner
3_1_U2	Jordbrukssamhället	Vad erbjöd den amerikanska lagen "Homestead Act" till nybyggare från år 1862?	Gratis jordlotter till den som odlade marken i fem år	Skattelättnader för europeiska invandrare under tio år	Statsborgen för lån att köpa mark i de västra territorierna	Medborgarskap efter fem år på amerikansk mark
3_1_U2	Jordbrukssamhället	Hur skiljde sig de familjer som utvandrade på 1860-talet från de ensamstående som reste under 1880-talet?	På 1860-talet utvandrade hela familjer; på 1880-talet reste fler unga ensamma	På 1860-talet reste fattiga bönder; på 1880-talet emigrerade industriarbetare	På 1860-talet emigrerade religiösa grupper; på 1880-talet utvandrade politiska flyktingar	På 1860-talet reste folk från Norrland; på 1880-talet emigrerade skåningar
3_1_U2	Jordbrukssamhället	Vad menas med begreppet "pull-faktorer" i samband med den svenska utvandringen?	Positiva lockelser i Amerika (billig mark, frihet, välstånd)	Tvingande orsaker i Sverige som drev folk bort (fattigdom, brist)	Ekonomiska incitament som svenska staten erbjöd för att stanna	Faktorer som drog tillbaka emigranter till Sverige från Amerika
3_1_U2	Jordbrukssamhället	Varför minskade den svenska utvandringen till USA kraftigt efter år 1924?	USA stiftade en lag som begränsade invandringen kraftigt (kvoter)	Sverige förbättrade levnadsvillkoren och folk valde att stanna	Havsresor blev farligare och dyrare efter första världskriget	USA drabbades av depression och lockade inte längre invandrare
3_1_U2	Jordbrukssamhället	Vilka var de tre huvudsakliga anledningarna till utvandring enligt den statliga emigrationsutredningen?	Fattigdom, brist på jord och religiös/politisk frihet	Svält, sjukdom och dåliga klimatförhållanden	Ekonomisk kris, krig och politisk förföljelse	Jordbrukskrisen, industrins kollaps och bostadsbrist
3_1_U2	Jordbrukssamhället	Vilken positiv effekt fick utvandringen för de arbetare som valde att stanna kvar i Sverige?	Lönerna steg eftersom arbetskraftsutbudet minskade	Fler arbetstillfällen skapades då branscher expanderade	Staten investerade mer i utbildning och hälsovård	Bostadsbristen minskade när befolkningstrycket lättade
3_2_U1	Industrisamhället	I vilket land och inom vilken bransch startade den industriella revolutionen under 1700-talet?	England, inom textilbranschen	Frankrike, inom stålindustrin	Belgien, inom kolgruvedriften	Tyskland, inom kemikalieindustrin
3_2_U1	Industrisamhället	Vilken maskin uppfann James Hargreaves på 1760-talet för att effektivisera textiltillverkningen?	Spinning jenny	Vattenkraften (waterframe)	Kraftstolen (power loom)	Ångspinneriet
3_2_U1	Industrisamhället	Vilken kraftkälla möjliggjorde att fabriker inte längre behövde ligga nära vattendrag?	Ångmaskinen	Elektriciteten	Vindkraften	Gaseldningen
3_2_U1	Industrisamhället	Mellan vilka städer gick den första järnvägslinjen som togs i bruk 1830?	Manchester och Liverpool	London och Birmingham	Leeds och Sheffield	Edinburgh och Glasgow
3_2_U1	Industrisamhället	Inom vilken specifik bransch inleddes Sveriges industrialisering på 1850-talet?	Sågverksindustrin (trävaruindustrin)	Textilindustrin och väverierna	Järnmalmsbrytningen i Norrland	Skeppsbyggnation och varven
3_2_U1	Industrisamhället	Vilken stad kom att betraktas som den svenska sågverksindustrins hjärta?	Sundsvall	Göteborg	Norrköping	Gävle
3_2_U1	Industrisamhället	Vad kallas den process som gjorde det möjligt att framställa bra stål av järnmalm med hög fosforhalt?	Thomas-processen (basisk konverter)	Bessemer-processen	Siemens-Martin-processen	Puddlingsprocessen
3_2_U1	Industrisamhället	Vilket viktigt beslut fattades 1854 gällande byggandet av järnvägar i Sverige?	Staten skulle bygga och äga stambanorna	Privata bolag fick ensamrätt att bygga alla järnvägar	Varje landsting ansvarade för järnvägar inom länet	Kommunerna fick statsbidrag för att bygga lokala spår
3_2_U1	Industrisamhället	Vad innebar beslutet om näringsfrihet som togs av riksdagen år 1864?	Alla fick rätt att fritt bedriva handel och hantverk utan skråtvång	Staten avreglerade all import och export av varor	Banker fick rätt att utfärda egna sedlar utan statlig kontroll	Jordbrukare fick rätt att sälja sina produkter direkt till konsumenter
3_2_U1	Industrisamhället	Vad kallas de industrier som växte fram kring sekelskiftet 1900 baserat på svenska uppfinningar?	Genialitetsindustrierna (verkstads-/innovationsindustrin)	Exportindustrierna	Teknikindustrierna	Kunskapsindustrierna
3_2_U2	Industrisamhället	Vilken allvarlig sjukdom, även kallad lungsot, var vanlig bland arbetare i de trångbodda industriorterna?	Tuberkulos	Kolera	Tyfus	Influensa
3_2_U2	Industrisamhället	Vilket år infördes förbud mot fabriksarbete för barn under tolv år i Sverige?	1881	1900	1865	1920
3_2_U2	Industrisamhället	Vilken industri i Sverige lockade till sig flest kvinnliga arbetare?	Textilindustrin	Gruvindustrin	Träindustrin	Mekanisk verkstadsindustri
3_2_U2	Industrisamhället	Vilket år avskaffades de speciella lönetarifferna för kvinnor i Sverige?	1960	1945	1970	1938
3_2_U2	Industrisamhället	Vilka statliga tjänstemannayrken blev tillgängliga för kvinnor i slutet av 1800-talet?	Post- och telegraftjänster	Lärartjänster i statliga skolor	Läkartjänster i statliga sjukhus	Polisyrket och domstolsväsendet
3_2_U2	Industrisamhället	Vem var den svenska entreprenören bakom den automatiska blinkfyren (AGA)?	Gustaf Dalén	Alfred Nobel	Lars Magnus Ericsson	John Ericsson
3_2_U2	Industrisamhället	Vilken kvinnlig entreprenör i Gränna blev känd för att ha gjort polkagrisen berömd?	Amalia Eriksson	Selma Lagerlöf	Ellen Key	Sophie Adlersparre
3_2_U2	Industrisamhället	Vilken finansfamilj har dominerat svensk ekonomi genom Stockholms Enskilda Bank och Investor?	Familjen Wallenberg	Familjen Bonnier	Familjen Stenbeck	Familjen Persson
3_2_U2	Industrisamhället	Vilken amerikansk bilfabrikör introducerade det löpande bandet för att effektivisera produktionen?	Henry Ford	Andrew Carnegie	John D. Rockefeller	Thomas Edison
3_2_U2	Industrisamhället	Hur förändrades den svenska industriproduktionen under andra världskriget?	Den ökade kraftigt tack vare neutralitet och ökad efterfrågan	Den minskade drastiskt på grund av brist på råvaror och energi	Den omorganiserades till krigsproduktion under statlig kontroll	Den stagnerade eftersom handelspartners lade handelsbojkott
3_4_U1	Sverige och den globala ekonomin	Vad var orsaken till den ekonomiska krisen som drabbade Sverige och många andra länder 1973?	Oljekrisen (OPEC:s oljeboykott mot Väst)	En global finanskris orsakad av amerikanska banker	Dålig skörd och livsmedelsbrist i hela Europa	En kollaps i den svenska bilindustrin och stålsektorn
3_4_U1	Sverige och den globala ekonomin	Vilken svensk industri hade särskilt svårt att klara konkurrensen mot låglöneländer under 1970-talet?	Textil- och skoindustrin	Bilindustrin och lastbilstillverkning	Läkemedelsindustrin och kemin	Skogsindustrin och pappersmassaindustrin
3_4_U1	Sverige och den globala ekonomin	Vad bidrog till att föra olika delar av världen närmare varandra under decennierna före millennieskiftet?	Globaliseringen (IT, internet och fritt handelsflöde)	Den europeiska integrationen och EU:s utvidgning	Massturism och billiga flygresors genombrott	Satellittelevision och internationell nyhetsrapportering
3_4_U1	Sverige och den globala ekonomin	Vad blev konsekvensen för många invånare i Trollhättan när tillverkningen av bilar vid Saab upphörde?	Massarbetslöshet och ekonomisk depression i staden	Befolkningsökning när arbetare sökte sig till andra städer	Staten tog över fabriken och omvandlade den till elbilfabrik	Kommunen gick i konkurs och statlig förvaltning tog vid
3_4_U1	Sverige och den globala ekonomin	Vilket japanskt företag gick Ericsson samman med?	Sony (bildade Sony Ericsson)	Toyota	Mitsubishi	Fujitsu
3_4_U1	Sverige och den globala ekonomin	Vad heter det läkemedelsföretag som bildades genom en sammanslagning av Astra och brittiska Zeneca?	AstraZeneca	AstraPharma	Pharmacia Zeneca	NovAstra
3_4_U1	Sverige och den globala ekonomin	Vilket år blev Sverige medlem i EU?	1995	1992	1999	1990
3_4_U1	Sverige och den globala ekonomin	Vad kallas de regler inom EU:s inre marknad som innebär fri rörlighet för varor, tjänster, kapital och personer?	De fyra friheterna	Schengenavtalet	Maastrichtprinciperna	Romfördragets grundpelare
3_4_U1	Sverige och den globala ekonomin	Hur stor andel av de förvärvsarbetande i Sverige sysselsätts idag inom tjänstesektorn?	Ungefär 75–80 procent	Runt 50 procent	Nära 90 procent	Cirka 60 procent
3_4_U1	Sverige och den globala ekonomin	Vilket utländskt företag köpte Volvo Personvagnar år 2010?	Geely (kinesiskt)	Toyota (japanskt)	Ford (amerikanskt)	BMW (tyskt)
3_4_U2	Sverige och den globala ekonomin	Vad upptäcktes på företaget BT-Kemis mark i Skåne år 1975?	Giftig kemikaliedumpning (miljögifter i marken)	Olaglig deponering av radioaktivt avfall	Förorenat grundvatten med höga arsenikhalter	Hemliga kemikalier som testades på arbetsplatsen
3_4_U2	Sverige och den globala ekonomin	Varför var dödligheten i städerna länge högre än på landsbygden under industrialiseringen?	Trångboddhet, smutsigt vatten och dålig sanitet spred sjukdomar	Fabriksarbete var farligare och olyckor vanligare	Befolkningstätheten ledde till mer våld och kriminalitet	Matförsörjningen var sämre i städer än på landet
3_4_U2	Sverige och den globala ekonomin	Vilken teknisk lösning blev vanligare i städerna i början av 1900-talet för att förbättra hygienen?	Vattenledningar och avloppssystem	Offentliga bad och tvättstugor	Sophantering och deponering utanför städerna	Elektriska pumpar för brunnsvatten
3_4_U2	Sverige och den globala ekonomin	Vart leddes avloppsvattnet från städerna i början, innan det började renas?	Direkt ut i sjöar och vattendrag	Till stora deponier utanför städernas gränser	Ned i marken via infiltrationsgropar	Till kompostanläggningar och jordbruksmark
3_4_U2	Sverige och den globala ekonomin	Varför avslog riksdagen ett lagförslag om förbud mot förorenande utsläpp på 1920-talet?	Industrin ansågs viktigare och naturen förmodades klara av utsläppen	Lagen ansågs för svår att kontrollera och övervaka	Industrin hotade att flytta utomlands om lagen antogs	Riksdagen ansåg att problemet var överdrivet och inte verkligt
3_4_U2	Sverige och den globala ekonomin	Vilken uppfattning hade de styrande förr i tiden om naturens förmåga att hantera föroreningar?	Att naturen klarade av att rena sig själv oavsett hur mycket man förorenade	Att föroreningar bara påverkade den omedelbara närmiljön	Att sjöar och hav var oändliga i sin kapacitet att ta emot avfall	Att tekniska lösningar alltid kunde rena naturen i efterhand
3_4_U2	Sverige och den globala ekonomin	Vilket miljögift upptäcktes i fiskar och fåglar på 1960-talet?	PCB (polyklorerade bifenyler) och DDT	Kadmium och bly från gruvdrift	Kvicksilver från klorindustrin	Freon och klorföreningar från kylmaskiner
3_4_U2	Sverige och den globala ekonomin	Vilket bekämpningsmedel orsakade en stor debatt i Sverige år 1963?	DDT (diklordifenyltrikloretan)	Lindan	Parathion	Hexaklorbensen
3_4_U2	Sverige och den globala ekonomin	Vilken insikt fick man på 1960-talet gällande hur långt miljögifter kunde spridas från utsläppsplatsen?	Att miljögifter spreds långt utanför utsläppsplatsen via vatten, luft och djur	Att gifterna stannade i marken nära utsläppskällan	Att gifterna bara påverkade den direkta närmiljön	Att djur och växter filtrerade bort gifterna naturligt
3_4_U2	Sverige och den globala ekonomin	Vilket år antog riksdagen en miljöskyddslag för att motverka luft- och vattenföroreningar?	1969	1963	1975	1980
4_1_U1	Det första världskriget	När började och slutade första världskriget?	1914–1918	1912–1918	1914–1920	1916–1919
4_1_U1	Det första världskriget	Vad kallas tidsperioden mellan 1870 och 1914 då stormakterna rustade för krig men bevarade freden?	Väpnad fred (la Belle Époque)	Pax Britannica	Det imperialistiska seklet	Nationernas tidsålder
4_1_U1	Det första världskriget	Vilka tre länder ingick i alliansen trippelententen?	Frankrike, Ryssland och Storbritannien	Frankrike, Belgien och England	Ryssland, Italien och Frankrike	England, USA och Frankrike
4_1_U1	Det första världskriget	Vilka tre länder ingick ursprungligen i trippelalliansen?	Tyskland, Österrike-Ungern och Italien	Tyskland, Osmanska riket och Österrike	Preussen, Bayern och Österrike	Tyskland, Bulgarien och Österrike-Ungern
4_1_U1	Det första världskriget	Vad tävlade främst Storbritannien och Tyskland om under den militära upprustningen?	Sjömilitär dominans (antal örlogsfartyg)	Kolonialt inflytande i Afrika	Kontroll över den europeiska järnvägen	Militär överlägsenhet i artilleri och infanteri
4_1_U1	Det första världskriget	Vilken händelse i Sarajevo den 28 juni 1914 blev den utlösande faktorn till kriget?	Mordet på den österrikiske tronföljaren Franz Ferdinand	Skjutandet av en rysk diplomat utanför ambassaden	Bombattentatet mot det österrikiske parlamentet	Attentatet mot den tyske kejsaren Wilhelm II
4_1_U1	Det första världskriget	Vem mördade den österrikiske tronföljaren Franz Ferdinand?	Gavrilo Princip (serb-nationalistisk terrorist)	En österrikisk anarkist missnöjd med regimen	En bosnisk muslim med koppling till Osmanerna	En kroatisk nationalist med stöd från Ungern
4_1_U1	Det första världskriget	Vilken stat på Balkan fick skulden för mordet i Sarajevo och blev förklarad krig mot av Österrike?	Serbien	Bosnien	Montenegro	Bulgarien
4_1_U1	Det första världskriget	Vad kallas den vecka i augusti 1914 då de flesta europeiska stormakter drogs in i kriget?	Krisdagarna / mobiliseringsveckan	Julikrisen	Den store freden	Diplomatins sammanbrott
4_1_U1	Det första världskriget	På vilken sida i kriget stred det osmanska riket?	Centralmakternas sida (med Tyskland och Österrike)	Ententens sida (med Frankrike och England)	Neutralt under hela kriget	Växlade sida mitt under kriget
4_1_U2	Det första världskriget	Vad kallas den typ av stillastående krigföring som präglade västfronten?	Ställningskrig (skyttegravskrig)	Rörlig krigsföring	Djupförsvarstaktik	Flankanfall och omringning
4_1_U2	Det första världskriget	Vilka tre moderna vapentekniker användes för första gången under första världskriget?	Stridsvagnar, flygplan och kemiska vapen	Kulsprutor, artilleri och ubåtar	Bomber, flammkastare och fältkanoner	Pansarskepp, torpeder och gasmasker
4_1_U2	Det första världskriget	Vad trodde man att soldater som drabbades av "granatchock" led av vid tiden för kriget?	Feghet eller psykisk svaghet	En allvarlig hjärnskada orsakad av granater	En form av stridsstress som gick över av sig självt	Förgiftning av kemiska ämnen i skyttegravarna
4_1_U2	Det första världskriget	Varför gick USA med i kriget år 1917?	Tyskland sänkte amerikanska handelsfartyg med ubåtar och Zimmermanntelegrammet avslöjades	England och Frankrike hotade att bryta handelsavtal med USA	En rysk revolution skapade ett kommunistiskt hot mot västvärlden	USA ville skydda sina europeiska koloniintressen mot tysk expansion
4_1_U2	Det första världskriget	Varför tvingades Ryssland dra sig ur kriget i mars 1918?	Den ryska revolutionen 1917 ledde till en ny regering som tecknade separat fred	Ryssland led katastrofala militära förluster på alla fronter	Tsar Nikolaj II ingick hemligt fredsavtal med Kaiser Wilhelm	Ryska armén vägrar strida och hela fronten kollapsade
4_1_U2	Det första världskriget	Vilken folkgrupp utsattes för ett folkmord i det osmanska riket med start 1915?	Armenier	Kurder	Greker	Assyrier
4_1_U2	Det första världskriget	Vad hette det fredsavtal mellan Tyskland och segermakterna som slöts 1919?	Versaillesfreden	Londonfreden	Parisfreden	Saint-Germainfreden
4_1_U2	Det första världskriget	Vilket land tvingades ta på sig hela skulden för kriget i fredsavtalet?	Tyskland	Österrike-Ungern	Det osmanska riket	Bulgarien
4_1_U2	Det första världskriget	Vilken internationell organisation skapades efter kriget för att förhindra nya konflikter?	Nationernas förbund (NF)	Europaunionen (EU)	Internationella domstolen (ICJ)	Röda Korset (ICRC)
4_1_U2	Det första världskriget	Hur påverkades kvinnornas rättigheter i många länder av krigsinsatserna på hemmaplan?	Kvinnor fick rösträtt i flera länder som tack för sina krigsinsatser	Kvinnor tvingades tillbaka till hemmet och förlorade sina fabriksjobb	Kvinnors löner jämställdes med männens under kriget och bibehölls	Kvinnor fick rätt att tjänstgöra i armén som sjuksköterskor
4_2_U1	Mellan två världskrig	Varför hade de nya demokratierna i Europa svårt att få det demokratiska systemet att fungera efter första världskriget?	Ekonomiska kriser, politisk polarisering och avsaknad av demokratisk tradition	Ockupation av segermakterna hindrade demokratisk utveckling	Kommunistiska partier tog makten och avskaffade demokratin	Antidemokratiska monarkister saboterade de nya institutionerna
4_2_U1	Mellan två världskrig	Vilken händelse i USA år 1929 utlöste en världsomfattande ekonomisk depression?	Börskraschen på Wall Street ("Svarta torsdagen")	Bankkollapsen i New York och Chicago	Dollarns devalvering och handelskrig	Strejkrörelsen i amerikanska gruvindustrin
4_2_U1	Mellan två världskrig	Hur stor var minskningen av världshandeln till följd av den ekonomiska krisen?	Ungefär 60 procent	Runt 30 procent	Nära 80 procent	Cirka 40 procent
4_2_U1	Mellan två världskrig	Vad hände med mer än hälften av de europeiska demokratierna under 1930-talet?	De ersattes av diktaturer	De tvingades bilda koalitionsregeringar med fascister	De övergav demokratin frivilligt och sökte ekonomisk hjälp	De genomförde statskupper och ersattes av militärjuntor
4_2_U1	Mellan två världskrig	Vad hette den demokratiska republik som skapades i Tyskland 1919?	Weimarrepubliken	Berlinrepubliken	Tyska folkrepubliken	Rhinlandsrepubliken
4_2_U1	Mellan två världskrig	Hur försökte den tyska staten lösa betalningen av krigsskadeståndet, vilket ledde till hyperinflation?	Genom att trycka stora mängder pengar	Genom att ta stora lån från amerikanska banker	Genom att beslagta privat egendom och sälja den	Genom att höja skatterna till oacceptabla nivåer
4_2_U1	Mellan två världskrig	Vilken inställning hade den tyska armén till demokrati och kommunism under denna period?	Negativ — armén såg dem som hot mot nation och ordning	Positiv — armén stödde demokratin som det bästa systemet	Neutral — armén höll sig utanför politiken	Delad — delar av armén stödde demokratin, andra kommunismen
4_2_U1	Mellan två världskrig	Från vilken historisk händelse kommer begreppen "höger" och "vänster" inom politiken?	Franska revolutionens nationalförsamling (vart man satt)	Det brittiska underhuset och dess sittordning	Det preussiska lantdaget och dess politiska grupperingar	Den ryska duman under tsar Nikolaj II
4_2_U1	Mellan två världskrig	Vilka politiska grupper placerades längst till vänster respektive längst till höger under 1900-talet?	Kommunister längst till vänster, fascister/nazister längst till höger	Socialister till vänster, konservativa till höger	Anarkister till vänster, nationalister till höger	Demokrater till vänster, monarkins anhängare till höger
4_2_U1	Mellan två världskrig	Vilka två grupper utmålades som de största hoten mot det tyska folket i nazisternas propaganda?	Judar och kommunister	Fransmän och britter	Socialdemokrater och frimurarorden	Slaviska folk och romska zigenare
4_2_U2	Mellan två världskrig	Vad var nazistpartiets fullständiga namn?	Nationalsocialistiska tyska arbetarpartiet (NSDAP)	Nationaldeutsche Arbeiter- und Volkspartei	Nationalsozialistische Volksgemeinschaft	Deutschnationale Volksschutzpartei
4_2_U2	Mellan två världskrig	Vad lovade nazisterna att göra med den "förhatliga" Versaillesfreden?	Riva upp den och återupprätta Tysklands storhet	Omförhandla den i Nationernas förbund	Ersätta den med ett rättvist fredsavtal	Acceptera den men kräva skadestånd av segrarmakterna
4_2_U2	Mellan två världskrig	Vilken titel användes för Adolf Hitler som ledare för nazistpartiet?	Führer (ledare)	Kanzler (kansler)	Reichsführer	Der Starke Mann
4_2_U2	Mellan två världskrig	Vilket samhällsproblem i början av 1930-talet bidrog till att öka stödet för nazisterna?	Massarbetslösheten (6 miljoner arbetslösa 1932)	Bostadsbristen i storstäderna	Den utbredda korruptionen i Weimarrepubliken	Bristen på livsmedel och ransoneringar
4_2_U2	Mellan två världskrig	Vilken specifik händelse ägde rum den 27 februari 1933 i Berlin?	Riksdagshuset sattes i brand (Riksdagsbranden)	Hitler utnämndes till rikskansler av president Hindenburg	NSDAP vann riksdagsvalet med absolut majoritet	Massarresteringarna av kommunister och socialister inleddes
4_2_U2	Mellan två världskrig	Vem greps och anklagades för att ha anlagt branden i riksdagshuset?	Marinus van der Lubbe (en holländsk kommunist)	Ernst Röhm och SA-ledningen	En judisk agent från Österrike	En anarkist med koppling till ryska bolsjeviker
4_2_U2	Mellan två världskrig	Vad använde Hitler för att kunna fatta politiska beslut utan riksdagens samtycke efter branden?	Riksdagsbrandsförordningen (undantagslagar)	Grundlagstillägget om nationellt nödläge	Weimarrepublikens paragraf 48 om presidentens nödmakt	En militärregering med generalernas stöd
4_2_U2	Mellan två världskrig	Vad hände med andra politiska partier i Tyskland efter nazisternas maktövertagande?	De förbjöds och avvecklades	De gick samman och bildade ett oppositionsblock	De fick fortsätta verka men med begränsad yttrandefrihet	De tvingades samarbeta med nazisterna i en koalition
4_2_U2	Mellan två världskrig	Vad var målet med nazisternas ekonomiska politik utöver att avskaffa arbetslösheten?	Att rusta upp militären och förbereda för krig	Att skapa ett självförsörjande och exportorienterat Tyskland	Att nationalisera alla banker och storföretag	Att kollektivisera jordbruket och skapa storskalig matproduktion
4_2_U2	Mellan två världskrig	Vilken ideologisk huvudfråga betonade nazisterna gällande den tyska befolkningen?	Rasfrågan (den ariska rasens överlägsenhet)	Klassfrågan (återuppbyggnad av det tyska borgerskapet)	Religiösa frågor (kristendomens roll i det tyska samhället)	Nationalfrågan (Großdeutschland och habsburgsk union)
4_3_U1	Andra världskriget	Vad innebar den så kallade "dolkstötslegenden" som spreds i Tyskland efter första världskriget?	Att Tysklands nederlag orsakades av förrädare på hemmaplan, inte militärt misslyckande	Att tyska soldater svek sin ed och övergav fronten i krigets slutskede	Att judiska affärsmän saboterade krigsproduktionen för att gynna fienden	Att socialdemokrater och kommunister motarbetade krigsmaskinen inifrån
4_3_U1	Andra världskriget	Vilket område lät Hitler besätta med tyska trupper 1936 trots att det enligt fredsavtalet skulle vara en demilitariserad zon?	Rhenlandet	Sudetlandet	Österrike	Saarland
4_3_U1	Andra världskriget	Vilken militär taktik, som byggde på snabba samordnade anfall med stridsvagnar och flyg, använde Tyskland i krigets början?	Blitzkrieg (blixtkriget)	Omringnings- och instängningsstrategin	Djupförsvarstaktiken	Förintelsekampen (Vernichtungskrieg)
4_3_U1	Andra världskriget	Vad kallas det krig som bröt ut mellan Finland och Sovjetunionen i november 1939?	Vinterkriget	Fortsättningskriget	Lapplandsfront	Det nordiska kriget
4_3_U1	Andra världskriget	Vem var den brittiske premiärministern som ledde landet under slaget om Storbritannien 1940?	Winston Churchill	Neville Chamberlain	Anthony Eden	Harold Macmillan
4_3_U1	Andra världskriget	Vilket land genomförde en stor invasion av Kina år 1937 för att säkra tillgången på råvaror?	Japan	Sovjet	USA	Korea
4_3_U1	Andra världskriget	Vilken händelse i december 1941 blev den direkta orsaken till att USA gick med i kriget?	Japans attack mot Pearl Harbor	Tysklands krigsförklaring mot USA	Japans invasion av Filippinerna	Ubåtskriget mot amerikanska handelsfartyg
4_3_U1	Andra världskriget	Vad kallas den massaker som japanska soldater genomförde på civila kineser i staden Nanjing 1937?	Nanking-massakern	Shanghai-massakern	Pekingmassakern	Manchuriethändelsen
4_3_U1	Andra världskriget	Vilka tre länder ingick i den fascistiska allians som bildades under 1930-talet?	Tyskland, Italien och Japan (Axelmakterna)	Tyskland, Spanien och Ungern	Österrike, Ungern och Rumänien	Japan, Kina och Korea
4_3_U1	Andra världskriget	Hur reagerade de andra europeiska länderna när Tyskland började återinföra värnplikt och bygga upp sitt flygvapen?	Med en blidkandepolitik — de accepterade det utan kraftig reaktion	Med militär mobilisering och upprustning längs Rhenbefästningarna	Med kraftiga diplomatiska protester och hot om sanktioner	Med bildandet av en militär allians mot den tyska upprustningen
4_3_U2	Andra världskriget	Vad var det militära kodnamnet för Tysklands anfall på Sovjetunionen i juni 1941?	Operation Barbarossa	Operation Zitadelle	Operation Seelöwe	Operation Fall Gelb
4_3_U2	Andra världskriget	Vilken metod använde de ryska trupperna för att hindra tyskarna från att få tag på försörjning under deras framryckning?	Den brända jordens taktik	Guerillakrigsföring bakom de tyska linjerna	Intensivt ubåtskrig mot tyska försörjningsleder	Förstöring av broar och järnvägar
4_3_U2	Andra världskriget	Vid vilken rysk stad vände krigslyckan för Tyskland efter ett förlustbringande fältslag vintern 1942–1943?	Stalingrad	Moskva	Leningrad	Kiev
4_3_U2	Andra världskriget	Vem ledde det misslyckade attentatet mot Adolf Hitler den 20 juli 1944?	Claus von Stauffenberg	Erwin Rommel	Wilhelm Canaris	Hans Oster
4_3_U2	Andra världskriget	Vad kallas den stora allierade landstigningen i Normandie som ägde rum den 6 juni 1944?	D-dagen (Operation Overlord)	Operation Market Garden	Operation Torch	D-Days landstigningsoperation
4_3_U2	Andra världskriget	Vilka två japanska städer förstördes av amerikanska atombomber i augusti 1945?	Hiroshima och Nagasaki	Tokyo och Osaka	Kyoto och Hiroshima	Nagasaki och Yokohama
4_3_U2	Andra världskriget	Vad innebar begreppet "totalt krig" för de civila i de krigförande länderna?	Att hela samhällets resurser och befolkning mobiliserades för kriget	Att civila evakuerades till säkra områden utanför stridszonerna	Att civila straffades kollektivt vid ockupation för militärt motstånd	Att alla vapenduglica män oavsett ålder inkallades till fronten
4_3_U2	Andra världskriget	Hur många judar mördades av nazisterna i det folkmord som kallas för Förintelsen?	Ungefär 6 miljoner	Runt 3 miljoner	Nära 9 miljoner	Circa 4 miljoner
4_3_U2	Andra världskriget	Vilken tysk ledare bad om ursäkt för nazisternas brott genom att falla på knä vid monumentet i Warszawas ghetto år 1970?	Willy Brandt	Konrad Adenauer	Helmut Kohl	Walter Scheel
4_3_U2	Andra världskriget	Ungefär hur många soldater beräknas ha dött totalt under andra världskriget enligt källan?	Ungefär 50 miljoner (soldater och civila sammanlagt)	Runt 20 miljoner soldater	Nära 70 miljoner totalt	Circa 30 miljoner soldater och civila
4_4_U1	Förintelsen	Vilka historiska händelser gavs judarna skulden för långt innan nazisternas tid?	Pesten, missväxt och ekonomiska kriser	Krigen mot Turkiet och Osmanska riket	Reformationen och religionskrigen	Franska revolutionen och anarkin
4_4_U1	Förintelsen	Vad ansåg nazisterna att judarna bar skulden för i Tyskland efter första världskriget?	Nederlaget i kriget och samhällsförfallet	Inflationen och den ekonomiska krisen	Kommunismens spridning från Ryssland	Förlusten av tyska kolonier i Afrika
4_4_U1	Förintelsen	Vilken folkgrupp ansåg nazisterna var den främsta och starkaste enligt sin rasfilosofi?	Arierna (den "nordiska rasen")	Det germanska folket som helhet	Den preussiska militäradeln	Det tyska borgerskapet
4_4_U1	Förintelsen	Vad innebar Nürnberglagarna från 1935 för den judiska befolkningen?	Judarna fråntogs tyskt medborgarskap och förbjöds gifta sig med icke-judar	Judar tvingades lämna sina yrken och sälja sina företag	Judar deporterades till arbetsläger i Östeuropa	Judar förbjöds delta i val och inneha statliga tjänster
4_4_U1	Förintelsen	Vilken bokstav stämplades i judarnas pass under 1930-talet för att de skulle vara lättare att identifiera?	J (för Jude)	S (för Semit)	A (för Ausländer)	H (för Hebräer)
4_4_U1	Förintelsen	Vad hände under den så kallade Kristallnatten i november 1938?	Judiska synagogor, butiker och hem attackerades och förstördes av nazistiska mobbar	Judarna förbjöds officiellt att utöva sin religion i offentliga platser	Massgripanden av judar genomfördes och de skickades till läger	Judiska skolor stängdes och judiska barn utvisades från tyska skolor
4_4_U1	Förintelsen	Vilken uppgift hade specialförbandet SS Einsatzgruppen under det ryska fälttåget?	Att massmörda judar och andra "oönskade" i de ockuperade områdena	Att säkra viktig industriutrustning och råvaror för Tysklands krigsinsats	Att bygga befästningar och skyttegravar bakom frontlinjen	Att förhöra och kartlägga sovjetiska partisaner och motståndskämpar
4_4_U1	Förintelsen	Vad var målet med den så kallade Operation Euthanasia (T4)?	Att döda tyskar med funktionsvariationer och psykisk sjukdom	Att sterilisera judiska och romska medborgare	Att avliva politiska fångar i tyska fängelser	Att utrota sjuka djur och djur som ansågs genetiskt mindervärda
4_4_U1	Förintelsen	Vilken typ av gas användes för att effektivisera dödandet i lägren?	Zyklon B (cyanvätegasbaserad)	Kolmonoxid från fordonsmotorer	Kväve under övertryck i slutna kammare	Fosgen och klorgasföreningar
4_4_U1	Förintelsen	Vad beslutades vid mötet i Wannsee utanför Berlin år 1942?	Slutlösningen — systematiskt utrotande av alla judar i Europa	Deportationen av alla judar till Madagaskar	Skapandet av ett judiskt reservat i östra Polen	Massteriliseringen av alla judiska medborgare i Tredje riket
4_4_U2	Förintelsen	I vilket land låg de mest ockända utrotningslägren, såsom Treblinka och Auschwitz-Birkenau?	Polen	Ukraina	Tyskland	Tjeckien
4_4_U2	Förintelsen	Ungefär hur många judar mördades totalt av nazisterna under andra världskriget?	Ungefär 6 miljoner	Runt 4 miljoner	Nära 10 miljoner	Circa 2 miljoner
4_4_U2	Förintelsen	Vilka andra grupper, utöver judar, föll offer för nazisternas systematiska mördande?	Romer, homosexuella, funktionsnedsatta och politiska motståndare	Protestantiska präster och konservativa politiker	Slavar och nordafrikaner i tyska arbetsläger	Ateister och sekulärt sinnade tyskar
4_4_U2	Förintelsen	Vad var syftet med de hatkampanjer som föregick deportationerna till lägren?	Att avhumanisera judarna och göra det lättare för tyska medborgare att acceptera våldet	Att leda judarna att frivilligt emigrera från Tyskland	Att skrämma judarna till ekonomisk kapitulation	Att mobilisera det tyska folket för krigsinsatsen
4_4_U2	Förintelsen	Varför valde många människor att till en början inte tro på ryktena om gaskamrarna?	Det verkade otänkbart att en civiliserad nation kunde begå sådana brott	Nazisternas propagandamaskin förnekade all information om lägren	Informationen nådde bara de allra närmaste till offren	Krigets kaos hindrade trovärdiga vittnen från att nå väst
4_4_U2	Förintelsen	Vilka skäl angav många tyska polismän till att de deltog i massavrättningar av civila?	Lydnad mot order och grupptryck	Ideologisk övertygelse om judarnas farlighet	Rädsla för att hamna i lägren om de vägrade	Ekonomisk belöning och karriärmöjligheter
4_4_U2	Förintelsen	Vad hände med de nazistiska ledarna i staden Nürnberg omedelbart efter krigets slut?	De ställdes inför en internationell militärdomstol och dömdes	De avrättades utan rättegång av segrarmakterna	De flydde till Sydamerika och undvek straff	De begick självmord för att undvika fångenskap
4_4_U2	Förintelsen	Vilka fyra länder kom domarna ifrån i den internationella militärdomstolen i Nürnberg?	USA, Sovjet, England och Frankrike	USA, Polen, Frankrike och Belgien	England, Frankrike, Holland och Belgien	USA, England, Sovjet och Kina
4_4_U2	Förintelsen	Hur definierades begreppet "brott mot mänskligheten" under rättegångarna?	Systematisk förföljelse och mord på civila grupper på grund av etnicitet, religion eller politisk övertygelse	Kränkningar av internationell krigsrätt och Genèvekonventionen	Bortförande av civila till tvångsarbete i ockuperade länder	Avsiktlig svält och förgiftning av civila befolkningar
4_4_U2	Förintelsen	I vilken stad hölls en krigsförbrytartribunal under 1990-talet för övergrepp i forna Jugoslavien?	Haag (Internationella domstolen)	Genève	Bryssel	New York
4_5_U1	Kalla kriget	Mellan vilka år pågick tidsperioden som kallas för det kalla kriget?	1947–1991	1945–1989	1946–1990	1949–1991
4_5_U1	Kalla kriget	Varför beskrivs konflikten som ett "kallt" krig snarare än ett "hett" krig?	Supermakterna stred aldrig direkt mot varandra utan via ombud och propaganda	Konflikten utspelade sig i kalla klimat och arktiska regioner	Kriget leddes av diplomatiska kommunikéer, inte militär kraft	Fienderna undvek direkt konfrontation på grund av kärnvapendiplomati
4_5_U1	Kalla kriget	Vilka två länder blev de nya supermakterna som tävlade om inflytande i Europa efter 1945?	USA och Sovjet	USA och Kina	England och Sovjet	USA och Frankrike
4_5_U1	Kalla kriget	Vad innebar den amerikanska utrikespolitiken som kallades för "containment"?	Att begränsa kommunismens spridning till länder som redan var kommunistiska	Att militärt besegra Sovjet och befria östeuropeiska länder	Att ekonomiskt isolera Sovjet och tvinga det till kapitulation	Att förhandla med Sovjet om fredlig samexistens
4_5_U1	Kalla kriget	Vad var det huvudsakliga syftet med George Marshalls lanserade återuppbyggnadsprogram?	Att ekonomiskt återuppbygga Europa för att förhindra kommunismens spridning	Att återuppbygga Tysklands industri för att betala krigsskadeståndet	Att stärka NATO och rusta upp de europeiska allierade	Att bygga amerikanska militärbaser i Västeuropa
4_5_U1	Kalla kriget	Vilket namn använde Winston Churchill för att beskriva den politiska delningen av Europa?	Järnridån	Den röda linjen	Det kommunistiska muren	Europas skiljeväg
4_5_U1	Kalla kriget	Vilken internationell organisation beslutade segermakterna att bilda vid Jaltakonferensen?	FN (Förenta nationerna)	Nationernas förbund 2.0	Europeiska rådet	Atlantpakten
4_5_U1	Kalla kriget	Hur löste västmakterna försörjningen av Berlin när Sovjetunionen inledde en blockad?	Genom en massiv luftbro som flög in förnödenheter	Genom en hemlig tunnel under de sovjetiska linjerna	Genom diplomatiska förhandlingar och ett handelsavtal	Genom att hota med militär aktion om blockaden inte hävdes
4_5_U1	Kalla kriget	Vilken militärallians bildades av de västallierade som ett direkt svar på utvecklingen i Europa?	NATO (Nordatlantiska försvarsalliansen)	Marshallpaktens försvarsunion	Den angloamerikanska militärunionen	Brysselfördraget och den västeuropeiska unionen
4_5_U1	Kalla kriget	Vad hände i Tjeckoslovakien under den så kallade "Pragvåren" 1968?	Sovjet invaderade militärt och krossade en reformrörelse som ville demokratisera kommunismen	En folklig revolution störtade kommunistregimen och landet valdes fritt	Tjeckiens och Slovakiens parlament röstade för delning i två stater	Landet lämnade Warszawapakten och förklarade sig neutralt
4_5_U2	Kalla kriget	Vilken ideologi och vilket politiskt system stod i direkt motsats till det amerikanska demokratiska systemet?	Kommunism och socialistisk planekonomi	Fascism och nationalistisk enpartistat	Islamism och teokrati	Socialdemokrati och blandekonomi
4_5_U2	Kalla kriget	Hur delades Tyskland och Berlin upp omedelbart efter krigsslutet enligt överenskommelsen mellan segermakterna?	I fyra ockupationszoner (USA, England, Frankrike och Sovjet)	I två zoner — en demokratisk väst och en kommunistisk öst	I tre zoner — brittisk, amerikansk och sovjetisk	I en gemensam ockupationszon under Nationernas förbund
4_5_U2	Kalla kriget	Varför tackade länderna i östblocket nej till att delta i Marshallplanen?	Sovjet tvingade dem att avböja för att behålla kontrollen	Östblocket ansåg att Marshallplanen var en form av imperialism	Östblocket hade egna resurser och behövde inget amerikanskt stöd	Länderna var rädda för ekonomiskt beroende av USA
4_5_U2	Kalla kriget	Vilken statlig kontroll utövades över jordbruket i det sovjetiska systemet?	Kollektivisering — privata jordbruk tvingades in i statliga kollektiv	Prisskontroll — staten satte priser på alla jordbruksprodukter	Ransonering — staten distribuerade mat centralt till befolkningen	Jordreform — adels- och kyrkojord omfördelades till bönder
4_5_U2	Kalla kriget	Vad var det primära målet för den militära alliansen Warszawapakten som bildades 1955?	Att motverka NATO och skydda östblockets kommunistiska stater	Att koordinera ekonomisk planering i östblocket	Att förhindra tyska återbewaffning och ny aggression	Att sprida kommunismen till Västeuropa
4_5_U2	Kalla kriget	Varför införde ledarna i östblocket förbud för sina medborgare att resa till väst?	För att hindra utflöde av befolkning och kontrollera informationsflödet	För att skydda medborgarna från kapitalistisk propaganda	För att upprätthålla valutakontroll och förhindra ekonomisk kapitalflykt	För att följa Moskvas order om att minska västerländskt inflytande
4_5_U2	Kalla kriget	Vilken typ av ekonomiskt system tillämpades i östblocket där staten styrde all produktion?	Planekonomi (centralt styrd ekonomi)	Marknadsekonomi med statliga regleringar	Blandekonomi med privata och statliga företag	Rådsekonomin med decentraliserad planering
4_5_U2	Kalla kriget	Varför valde Sovjetunionen att invadera Ungern militärt år 1956?	En reformrörelse under Imre Nagy hotade att dra Ungern ur Warszawapakten	Ungern försökte inleda handelsavtal med Västtyskland utan Moskvas godkännande	Ungerska medborgare störtade den kommunistiska regimen och begärde NATO-stöd	Ungern begärde kärnapenhjälp från USA vilket utlöste den militära interventionen
4_5_U2	Kalla kriget	Vad var tanken bakom bildandet av Kol- och stålunionen år 1951?	Att binda samman Frankrikes och Tysklands ekonomier för att förhindra krig	Att stärka Europas industrikapacitet mot konkurrens från USA	Att skapa en gemensam europeisk valuta och ekonomisk union	Att koordinera kol- och ståldistribution under Marshallplanen
4_5_U2	Kalla kriget	Vilket år blev Sverige medlem i den Europeiska unionen (EU)?	1995	1992	1999	2004
4_6_U1	Konflikten sprider sig	Vad innebar den amerikanska "dominodoktrinen" i Asien?	Att om ett land föll för kommunism skulle grannländerna följa efter som dominobrickor	Att USA militärt skulle stödja alla icke-kommunistiska regeringar i Asien	Att USA ekonomiskt skulle stödja asiatiska länder för att förhindra kommunism	Att USA skulle bilda militärbaser längs Asiens kuster för att hålla tillbaka Sovjet
4_6_U1	Konflikten sprider sig	Längs vilken breddgrad delades Korea upp i en kommunistisk och en USA-vänlig del?	38:e breddgraden	36:e breddgraden	40:e breddgraden	34:e breddgraden
4_6_U1	Konflikten sprider sig	Vilket land gick in i Koreakriget på Nordkoreas sida när FN-trupperna krossade gränsen?	Kina	Sovjet	Vietnam	Mongoliet
4_6_U1	Konflikten sprider sig	Vad hette ledaren för den vietnamesiska motståndsrörelsen Viet Minh?	Ho Chi Minh	Pol Pot	Vo Nguyen Giap	Ngo Dinh Diem
4_6_U1	Konflikten sprider sig	Varför började USA ekonomiskt stödja Frankrikes krigföring i Indokina efter 1949?	Kinas kommunistiska revolution skrämde USA som nu ville stoppa kommunismens spridning	Frankrike hotade att lämna NATO om de inte fick militärt stöd	USA ville säkra tillgången till gummi och koppar från Indokina	Nordkoreas invasion av Sydkorea skapade panik om kommunistisk expansion
4_6_U1	Konflikten sprider sig	Vilken roll spelade TV-media för kritiken mot USA under Vietnamkriget?	TV-bilderna från fronten visade krigets brutalitet och stärkte motståndet hemma	TV-sändningar från Saigon spred kommunistisk propaganda i USA	TV-stationer i New York organiserade anti-krigsrörelsens demonstrationer	Direkt TV-sändning av kongress-utfrågningar avslöjade militärens lögner
4_6_U1	Konflikten sprider sig	Vad hette den ryska hund som blev den första levande varelsen i rymden?	Laika	Belka	Strelka	Mushka
4_6_U1	Konflikten sprider sig	Vem blev den första människan i rymden år 1961?	Jurij Gagarin	Valentina Tereshkova	Alan Shepard	Neil Armstrong
4_6_U1	Konflikten sprider sig	Vilken gerillarörelse i Afghanistan fick stöd av USA för att bekämpa sovjetiska trupper?	Mujahedin	Talibanerna	Nordalliansen	Al-Qaida
4_6_U1	Konflikten sprider sig	Vilken rörelse tog makten i Afghanistan 1996 och införde stränga religiösa lagar?	Talibanerna	Mujahedin	Nordalliansen	Hezb-e Islami
4_6_U2	Konflikten sprider sig	Vad innebar begreppet "terrorbalans" under kalla kriget?	Att båda supermakterna hade tillräckligt med kärnvapen för att förstöra motparten, vilket avskräckte anfall	Att supermakterna gemensamt övervakade terroristgrupper runtom i världen	Att rädslan för ett kärnvapenkrig höll alla stater i ett tillstånd av permanent skräck	Att USA och Sovjet förde hemliga förhandlingar för att undvika oavsiktliga kärnvapenanfall
4_6_U2	Konflikten sprider sig	Vad upptäckte amerikanskt spaningsflyg på Kuba i oktober 1962?	Sovjetiska kärnvapenramper	Ryska ubåtsbaser med kärnvapentorpeder	Kinesiska militärrådgivare och rakettekniker	Hemliga förhandlingar om kubanskt NATO-medlemskap
4_6_U2	Konflikten sprider sig	Vilken militär åtgärd vidtog president Kennedy för att stoppa sovjetiska fartyg från att nå Kuba?	En marin blockad (karantän) runt Kuba	En militär invasion av Kuba via Grisebukten	Luftangrepp mot de kubanska missilbaserna	Ultimatum till Sovjet att dra tillbaka fartygen
4_6_U2	Konflikten sprider sig	Vad var syftet med den så kallade "heta linjen" mellan Vita huset och Kreml?	Att möjliggöra direkt kommunikation för att undvika missförstånd som ledde till krig	Att samordna kärnvapenanfall vid ett förstaslag mot varandra	Att ge ledarna möjlighet att kapitulera utan offentliga förödmjukelser	Att sköta hemliga förhandlingar om kärnvapenbegränsning
4_6_U2	Konflikten sprider sig	Vad kallades perioden av minskad spänning mellan 1960-talet och slutet av 1970-talet?	Détente (avspänning)	Koexistens	Nedrustningseran	Den bipolära balansen
4_6_U2	Konflikten sprider sig	Vilket öknamn gav president Ronald Reagan Sovjetunionen i ett tal 1980?	Ondskans imperium	Den röda björnen	Despotins citadell	Tyrannins källa
4_6_U2	Konflikten sprider sig	Vad hette Michail Gorbatjovs ekonomiska reformprogram för att införa konkurrens?	Perestrojka (omstrukturering)	Glasnost (öppenhet)	Demokratizatsiya (demokratisering)	Uskoreniye (acceleration)
4_6_U2	Konflikten sprider sig	Vad innebar reformen "Glasnost" för det sovjetiska samhället?	Ökad öppenhet och frihet att diskutera och kritisera systemet	Ekonomisk avreglering och tillåtande av privata företag	Politiska val med fler partier och demokratiska val	Frihet att resa utomlands och kontakta utländska medborgare
4_6_U2	Konflikten sprider sig	Vilken händelse i november 1989 ses som den främsta symbolen för kalla krigets slut?	Berlinmurens fall	Sovjet drog sig ur Afghanistan	Val i Polen och kommunisternas valnederlag	Gorbatjovs tal om Europas gemensamma hus
4_6_U2	Konflikten sprider sig	Vilket år upplöstes Sovjetimperiet definitivt, vilket innebar slutet på kalla kriget?	1991	1989	1990	1993
5_1_U1	Imperialismen och dess arv	Från vilket latinskt ord kommer begreppet imperialism?	Imperium (välde, rike)	Imperare (att befalla)	Imperator (befälhavare)	Imperia (territorier)
5_1_U1	Imperialismen och dess arv	Vilket årtal brukar anges som startpunkten för den mest intensiva fasen av den europeiska imperialismen?	1880	1850	1870	1900
5_1_U1	Imperialismen och dess arv	Vad kallas det ekonomiska system där en kolonialmakt har ensamrätt på handel i en koloni?	Merkantilism (kolonialt handelsmonopol)	Frihandel (laissez-faire)	Protektionism (tullbarriärer)	Kolonialism (direkt ekonomisk kontroll)
5_1_U1	Imperialismen och dess arv	Vilka två tekniska innovationer underlättade kontrollen av avlägsna geografiska områden?	Ångfartyget och telegrafen	Järnvägen och dynamiten	Kulsprutan och kartografin	Radiotelegrafi och stridsvagnar
5_1_U1	Imperialismen och dess arv	Vilket uttryck använde Rudyard Kipling för att beskriva européernas plikt att sprida sin civilisation?	Den vite mannens börda	Civilisationsmissionens kall	Europas vitalisering	Den kristnes uppgift
5_1_U1	Imperialismen och dess arv	Vad var det huvudsakliga syftet med Berlinkonferensen år 1885?	Att reglera uppdelningen av Afrika mellan de europeiska kolonialmakterna	Att förbjuda slavhandeln i afrikanska kolonier	Att skapa gemensamma regler för handel i Afrika	Att bilda en europeisk kolonialunion med gemensam förvaltning
5_1_U1	Imperialismen och dess arv	Vilka två länder i Afrika förblev självständiga stater fram till år 1914?	Etiopien och Liberia	Egypten och Marocko	Sydafrika och Nigeria	Kongo och Sudan
5_1_U1	Imperialismen och dess arv	Vilket begrepp användes för att beskriva Afrikas inland som ett område utan gränser som inte tillhörde någon?	Terra nullius (ingenmanslandet)	Det mörka kontinenten	Afrika incognita	Det obebodda landet
5_1_U1	Imperialismen och dess arv	Vilket land styrde över Belgiska Kongo där minst tio miljoner människor miste livet?	Belgien (kung Leopold II)	Frankrike	Portugal	England
5_1_U1	Imperialismen och dess arv	Vad hette den svenska kolonin i Västindien som såldes tillbaka till Frankrike 1878?	Saint-Barthélemy (Saint Barth)	Guadeloupe	Martinique	Saint-Martin
5_1_U2	Imperialismen och dess arv	Vilken specifik vara smugglade britterna in i Kina för att kunna betala för te och porslin?	Opium	Bomull	Silver	Kryddor
5_1_U2	Imperialismen och dess arv	Vilken ö blev en brittisk koloni efter att Kina förlorat det första opiumkriget?	Hongkong	Taiwan	Macao	Hainan
5_1_U2	Imperialismen och dess arv	Vad innebar den så kallade "öppna dörrens politik" som USA förespråkade i Kina?	Att alla stormakter skulle ha lika tillgång till handel med Kina	Att Kina skulle öppnas för fri invandring och bosättning	Att Kina skulle ingå frihandelsavtal med varje land separat	Att kinesiska hamnar skulle förvandlas till frizoner
5_1_U2	Imperialismen och dess arv	Vad kallas de indiska soldater i brittisk tjänst som inledde ett blodigt uppror år 1857?	Sepoys	Cipoys	Rajputer	Gurkhas
5_1_U2	Imperialismen och dess arv	Vilken funktion fick Indien för den brittiska industrin under 1800-talet?	Källa för råvaror (bomull, te, kryddor) och marknad för brittiska varor	Leverantör av utbildad arbetskraft till brittiska fabriker	Strategisk militärpost för kontroll över Indiska oceanen	Finansiell knutpunkt för brittisk handel med Fjärran östern
5_1_U2	Imperialismen och dess arv	Hur tvingade USA Japan att bryta sin långvariga isolering år 1853?	Med krigsskepp (komodor Perrys "svarta skepp")	Med ekonomiska sanktioner och handelsblockad	Med diplomatiska förhandlingar och handelsfördrag	Med hot om militär allians med Kina mot Japan
5_1_U2	Imperialismen och dess arv	Vilken betydelse hade den japanska segern mot Ryssland år 1905 för omvärldens syn på asiatiska länder?	Det visade att ett asiatiskt land kunde besegra en europeisk stormakt	Det bekräftade att Japan var militärt jämlikt med Europa	Det ledde till att Japan fick kolonier i Afrika	Det bevisade att modernisering var möjlig utan europeisk hjälp
5_1_U2	Imperialismen och dess arv	Vad uppmanade USA de europeiska staterna till genom Monroedoktrinen år 1823?	Att lämna Amerika (Nord- och Sydamerika) i fred och inte kolonisera mer	Att delta i frihandel med de nordamerikanska staterna	Att erkänna de sydamerikanska ländernas självständighet	Att gemensamt försvara det amerikanska halvklotet mot Ryssland
5_1_U2	Imperialismen och dess arv	Vilken viktig kanal skaffade sig USA kontroll över i Centralamerika i början av 1900-talet?	Panamakanalen	Nicaraguakanalen	Suezkanalen	Tehuantepeckanalen
5_1_U2	Imperialismen och dess arv	Vad lovade Storbritannien Indien i utbyte mot att de deltog i andra världskriget?	Självstyre och eventuell självständighet	Full självständighet direkt efter krigets slut	Ekonomisk kompensation för krigets kostnader	Representation i det brittiska parlamentet
5_2_U1	Kolonierna blir fria	Varför hade de gamla kolonialmakterna svårt att behålla sina kolonier efter 1945?	Kriget hade försvagat dem ekonomiskt och FN förespråkade självbestämmande	Kommunistiska rörelser tog makten i kolonierna och krävde självständighet	USA och Sovjet båda krävde att kolonierna skulle bli självständiga	Kolonierna var inte längre ekonomiskt lönsamma och drabbade av fattigdom
5_2_U1	Kolonierna blir fria	Vilken internationell organisation förespråkade principen om alla folks rätt till självbestämmande?	FN (Förenta nationerna)	Nationernas förbund	Röda Korset	Den alliansfria rörelsen
5_2_U1	Kolonierna blir fria	Vilken metod förespråkade Mahatma Gandhi i kampen för indisk självständighet?	Ickevåldsmotståndet (satyagraha)	Väpnad gerilla och attentat	Politiska strejker och civil olydnad	Diplomatisk lobbying i britiska parlamentet
5_2_U1	Kolonierna blir fria	Vad protesterade indierna mot genom den så kallade "saltmarschen" 1930?	Det brittiska monopolet på salt (salt tax)	Briternas rätt att omhänderta indiska medborgare	Rekryteringen av indiska soldater till brittiska armén	Exportförbud på indiskt bomull till utlandet
5_2_U1	Kolonierna blir fria	Vilka två stater bildades när det brittiska styret i Indien upphörde 1947?	Indien och Pakistan	Indien och Bangladesh	Indien och Ceylon (Sri Lanka)	Pakistan och Bangladesh
5_2_U1	Kolonierna blir fria	Vilka två europeiska länder styrde över mandatområden i Mellanöstern efter första världskriget?	Frankrike och England	England och Italien	Frankrike och Belgien	England och Spanien
5_2_U1	Kolonierna blir fria	Varför var Mellanöstern ett strategiskt viktigt område för stormakterna?	På grund av oljefyndigheterna och kontrollen över viktiga sjörutter	För kontrollen av Suezkanalen och tillgång till Röda havet	Religionens betydelse; Mellanöstern var heligt för tre världsreligioner	Mellanöstern hade stora jordbruksarealer och färskvatten
5_2_U1	Kolonierna blir fria	Vilket parti styrde både Irak och Syrien som enpartistater under stora delar av efterkrigstiden?	Baathpartiet	Nasserismens progressiva front	Den panarabiska befrielserörelsen	Arabernas nationalistiska union
5_2_U1	Kolonierna blir fria	Vad är "panarabism" för typ av idé?	Idén om att alla arabiska folk borde förenas i ett gemensamt arabiskt rike eller federation	Idén om att araberna bör återgå till islamisk lag och traditionellt styre	Idén om att arabiska länder gemensamt bör kontrollera oljeproduktionen	Idén om att arabiska länder bör avvisa alla former av västerländskt inflytande
5_2_U1	Kolonierna blir fria	Vilken folkgrupp beskrivs som världens största etniska minoritet utan en egen stat?	Kurderna	Palestinierna	Tibetanerna	Romerna
5_2_U2	Kolonierna blir fria	Vad kallas den rörelse som vid slutet av 1800-talet ville ge judarna ett eget land?	Sionismen	Judarnas frihetsrörelse	Den hebreiska renässansen	Den judiska nationalismen
5_2_U2	Kolonierna blir fria	Vilket år utropades den nya staten Israel?	1948	1945	1947	1950
5_2_U2	Kolonierna blir fria	Vad var "intifadan" som utbröt 1987?	En palestinsk folklig uppresning mot israelisk ockupation	En israelisk militäroffensiv mot palestinska städer	En diplomatisk kris mellan Israel och arabländerna	En egyptisk-israelisk konflikt om Gazaremsan
5_2_U2	Kolonierna blir fria	Vilken kolonialmakt höll fast vid sina kolonier i Afrika ända till 1975?	Portugal	Frankrike	Belgien	Spanien
5_2_U2	Kolonierna blir fria	Vad innebar den sydafrikanska politiken som kallades för apartheid?	Strikt rasåtskillnad där den vita minoriteten hade all makt och svarta hade inga rättigheter	En ekonomisk politik som diskriminerade svarta i arbetslivet	En bostadspolitik som tvingade svarta till separata bostadsområden	En utbildningspolitik med separata skolor för vita och svarta
5_2_U2	Kolonierna blir fria	Vem blev Sydafrikas president efter de första fria valen 1994?	Nelson Mandela	Desmond Tutu	Oliver Tambo	Walter Sisulu
5_2_U2	Kolonierna blir fria	Vilka två folkgrupper i Rwanda stod mot varandra under folkmordet 1994?	Hutuer och tutsier	Bantuer och nilotiker	Kongoleser och rwandier	Pygméer och bantuer
5_2_U2	Kolonierna blir fria	Vem tog makten på Kuba efter revolutionen 1956–1959?	Fidel Castro	Che Guevara	Camilo Cienfuegos	Fulgencio Batista
5_2_U2	Kolonierna blir fria	Varför är de nationella gränserna i Afrika ofta en orsak till konflikter än idag?	Gränserna drogs av européerna utan hänsyn till folkgruppers naturliga territorier	Gränserna är koloniala och ger kolonialmakterna fortfarande rättigheter	Gränserna är oklara och inte officiellt erkända av Afrikanska unionen	Gränserna delar naturresurser och skapar ekonomiska tvister
5_2_U2	Kolonierna blir fria	Vad innebär begreppet "neokolonialism"?	Att rika länder behåller ekonomiskt och politiskt inflytande över fattiga länder utan formellt kolonialstyre	Att tidigare kolonier söker ekonomisk hjälp hos sina forna kolonialmakter	Att multinationella företag driver ut lokala producenter i fattiga länder	Att rika länder skickar bistånd till fattiga länder i utbyte mot politisk lojalitet
6_1_U1	Ryssland	Var växte det första ryska riket fram under 800-talet?	Kievriket (Kiev/Kyiv)	Moskvaregionen (Moskvafurstendömet)	Novgorodstaten	Volgariket
6_1_U1	Ryssland	Vilken grupp ville bevara ryska traditioner och motsatte sig västeuropeiska idéer under Peter den stores tid?	Slavofilerna / de gamla boyarerna	De ortodoxa munkarna och klostren	Det ryska kosaklaget	Streltsarna och gardesregementena
6_1_U1	Ryssland	Vilken stad grundades vid Östersjökusten år 1703 för att underlätta handel med Västeuropa?	Sankt Petersburg	Riga	Tallinn	Helsingfors
6_1_U1	Ryssland	Vad kallades de ryska bönder som var bundna till jorden och ägdes av adeln fram till 1861?	Livegna (livegenskap)	Krèpostnyje	Smerderna	Munkarna på klosteregendomar
6_1_U1	Ryssland	Vilket ord användes för att beskriva en jordägares förmögenhet baserat på antalet manliga bönder han ägde?	Själar (dusjor)	Desjatiner (markenheter)	Rubler (ekonomiskt värde)	Versjok (arbetsdagar)
6_1_U1	Ryssland	Vilken revolutionär grupp, ledd av Vladimir Lenin, ville att partiet endast skulle bestå av yrkesrevolutionärer?	Bolsjevikerna	Mensjevikerna	De socialistrevolutionära (SR)	Anarchisterna (anarkosyndikalisterna)
6_1_U1	Ryssland	Vad tvingades tsaren inrätta år 1905 för att dämpa det folkliga missnöjet efter kriget mot Japan?	En folkvald församling (duman)	En nationell kongress med rådgivande funktion	En reformkommission med adel och borgare	En ministerpresident med utökade befogenheter
6_1_U1	Ryssland	Vilken händelse i februari 1917 ledde till att tsar Nikolaj II tvingades abdikera?	Februarirevolutionen (folkuppresning och hungerrevolter)	En militärkupp av revolutionära officerare	Bolsjevikernas stormning av Vinterpalatset	Petrogradrådets proklamation av en provisorisk regering
6_1_U1	Ryssland	Vilket löfte gav Lenin det ryska folket vid sin återkomst från exil våren 1917?	Fred, jord och bröd	Frihet, jämlikhet, broderskap	Revolution, socialism, kommunism	Nationernas självbestämmande och fred
6_1_U1	Ryssland	Vilka två sidor stred mot varandra i det ryska inbördeskriget mellan 1917 och 1921?	De röda (bolsjevikerna) och de vita (tsarister, liberaler m.fl.)	Bolsjevikerna och mensjevikerna	Ryssland och Polen med allierade styrkor	Anarchister och kommunister om makten
6_1_U2	Ryssland	Vad kallades den ekonomiska kompromiss som Lenin införde 1921 för att rädda landet från hungersnöd?	NEP (Nya ekonomiska politiken)	Bolsjevikismens ekonomiska plan	Det kommunistiska krigsekonomin	Ryska industrialiseringsplanen
6_1_U2	Ryssland	Vilket år blev Josef Stalin ny ledare för Sovjetunionen?	1924	1922	1927	1929
6_1_U2	Ryssland	Vad kallas det ekonomiska system där staten styr all produktion genom så kallade femårsplaner?	Planekonomi (central planekonomi)	Statskapitalism	Kommandoekonomi	Socialistisk marknadsekonomi
6_1_U2	Ryssland	Vad kallades de mer välställda bönder som förlorade sin privata äganderätt till jorden under kollektiviseringen?	Kulaker	Mjika (genomsnittsbönder)	Bednjakerna (fattiga bönder)	Zemlanina (jordägare)
6_1_U2	Ryssland	Vilket namn bars av det omfattande system av arbetsläger där miljontals människor fängslades under Stalins tid?	Gulag	Kolchoz	Sovkhoz	Zek-systemet
6_1_U2	Ryssland	Vad hette den första rymdsatelliten som Sovjetunionen sköt upp år 1957?	Sputnik 1	Vostok 1	Kosmos 1	Molniya
6_1_U2	Ryssland	Vilka två reformer införde Michail Gorbatjov på 1980-talet för att modernisera Sovjetunionen?	Glasnost (öppenhet) och Perestrojka (omstrukturering)	Demokratizatsiya och privatisering	Perestrojka och Uskoreniye	Decentralisering och valutareform
6_1_U2	Ryssland	Vilken fackförening i Polen spelade en avgörande roll för kommunismens fall i östblocket?	Solidaritet (Solidarność)	Polska LO (OPZZ)	Vrije Vakbond	Fria polska arbetsunionen
6_1_U2	Ryssland	Vilket år upplöstes Sovjetunionen officiellt och ersattes av 15 självständiga stater?	1991	1989	1990	1992
6_1_U2	Ryssland	Vilken ukrainsk halvö annekterades av Ryssland under våren 2014?	Krim	Donbas	Zaporizjzja	Cherson
6_2_U1	Kina	Vid vilken flod utvecklades en tidig högkultur i norra Kina på 4 000-talet f.Kr.?	Gula floden (Huang He)	Yangtzjfloden (Chang Jiang)	Pärlflodens delta	Mergifloden
6_2_U1	Kina	Vad kallar kineserna traditionellt sitt land, vilket syftar på deras syn på sig själva som världens centrum?	Mittens rike (Zhongguo)	Himmelens rike	Dragens hemland	Det eviga riket
6_2_U1	Kina	Vilken lära betonade moraliska principer som vördnad för föräldrar och överordnade?	Konfucianismen	Taoismen	Buddhismen	Legismen
6_2_U1	Kina	Vilken vara smugglade britterna in i Kina under 1800-talet trots kejsarens förbud?	Opium	Bomull	Kryddor	Silver
6_2_U1	Kina	Vad hette det stora sociala uppror i mitten av 1800-talet som kostade 30 miljoner människor livet?	Taipingupproret	Boxarupproret	Vitusrevolten	Det gula turbanupproret
6_2_U1	Kina	Vilket år tvingades den siste kinesiske kejsaren att abdikera?	1912	1911	1908	1916
6_2_U1	Kina	Vilka var de två fraktionerna som kämpade om makten under det kinesiska inbördeskriget?	Kommunisterna (Mao) och Nationalisterna (Chiang Kai-shek/KMT)	Kejsarlojalister och republikaner	Bolsjeviker och traditionella mandariner	Nordalliansen och sydstaternas militär
6_2_U1	Kina	Vad kallas den 1 000 mil långa förflyttning som Mao Zedong ledde sina trupper genom under 1930-talet?	Långa marschen	Den röda rörelsen	Det kommunistiska tillbakadragandet	Folkarmens reträtt
6_2_U1	Kina	Vilket land ockuperade Manchuriet år 1931?	Japan	Sovjet	Korea	Mongoliet
6_2_U1	Kina	Till vilken ö flydde nationalisterna under Chiang Kai-shek efter nederlaget 1949?	Taiwan	Hainan	Macao	Hongkong
6_2_U2	Kina	Vilken samhällsklass menade Mao Zedong skulle leda klasskampen i Kina?	Bönderna (inte proletariatet som Marx sagt)	Industriarbetarna i städerna	Den progressiva intelligentian	Det lägre officerskadet i armén
6_2_U2	Kina	Vad kallas den ekonomiska politik som lanserades i slutet av 1950-talet för att snabbt öka industri- och jordbruksproduktionen?	Det stora språnget framåt	Den kinesiska industriplanen	Maos femårsplan	Den socialistiska moderniseringen
6_2_U2	Kina	Vad kallades de stora kollektiva enheter som landsbygdens befolkning tvingades in i under "det stora språnget"?	Folkkommuner	Kolchozer	Landsbrukskooperativ	Statliga jordbruksenheter
6_2_U2	Kina	Vad var den huvudsakliga orsaken till att omkring 15 miljoner människor dog i början av 1960-talet?	Hungersnöd orsakad av misslyckad jordbrukspolitik under det stora språnget	En epidemi av kolera och tyfus som drabbade städerna	Inbördeskrig mellan kommunistfraktioner och nationalister	En torka och översvämning som drabbade hela Kina
6_2_U2	Kina	Vilken rörelse lanserade Mao i mitten av 1960-talet för att bekämpa motståndare inom partiet?	Kulturrevolutionen	Det stora språnget	Den patriotiska rörelsen	Den socialistiska utbildningskampanjen
6_2_U2	Kina	Vilken skrift fungerade som rättesnöre för ungdomarna under kulturrevolutionen?	Maos lilla röda (Ordbok av ordförande Mao)	Det kommunistiska manifestet	Det nya Kinas grundlag	Maos utvalda tal
6_2_U2	Kina	Vilken amerikansk president besökte Kina 1972 och träffade Mao Zedong?	Richard Nixon	Jimmy Carter	Lyndon Johnson	Gerald Ford
6_2_U2	Kina	Vem tog makten i Kina efter Maos död 1976 och inledde ekonomiska moderniseringar?	Deng Xiaoping	Hua Guofeng	Zhao Ziyang	Jiang Zemin
6_2_U2	Kina	På vilken plats i Peking genomfördes en massaker på demonstrerande studenter våren 1989?	Himmelska fridens torg (Tiananmen)	Förbjudna staden	Olympiastadion	Folkets stora sal
6_2_U2	Kina	Vilken tidigare brittisk koloni återförenades med Kina år 1997?	Hongkong	Macao	Taiwan	Singapore
6_3_U1	USA	Vilket år förklarade de tidigare brittiska kolonierna i Nordamerika sig självständiga?	1776	1783	1775	1789
6_3_U1	USA	Vilken händelse i Bostons hamn betraktas som en viktig protest mot de brittiska tullarna?	Bostontebjudningen (Boston Tea Party)	Bostonmassakern	Britternas bombardemang av Boston	Bostons handelsboykott
6_3_U1	USA	Från vilken historisk idéströmning hämtades tankarna till den amerikanska självständighetsförklaringen?	Upplysningen	Reformationen	Renässansen	Romantiken
6_3_U1	USA	Vem valdes till USA:s allra första president?	George Washington	Benjamin Franklin	John Adams	Thomas Jefferson
6_3_U1	USA	Vad kallas de tillägg som görs i den amerikanska grundlagen istället för att ändra i ursprungstexten?	Amendments (tillägg)	Clauses (klausuler)	Articles (artiklar)	Bills (propositioner)
6_3_U1	USA	Vilket begrepp användes för att beskriva idén att det var USA:s öde att kolonisera hela kontinenten?	Manifest Destiny	Den expansionistiska drömmen	Frontier-doktrinen	Westward Ho
6_3_U1	USA	Vilken gröda var den absolut viktigaste för ekonomin i de amerikanska sydstaterna?	Bomull	Tobak	Socker	Ris
6_3_U1	USA	Vad kallades de personer som ville avskaffa slaveriet helt och hållet?	Abolitionister	Suffragister	Separatister	Progressister
6_3_U1	USA	Vilken president ledde USA under det blodiga inbördeskriget mellan 1861 och 1865?	Abraham Lincoln	Ulysses Grant	James Buchanan	Andrew Johnson
6_3_U1	USA	Vad infördes i sydstaterna efter slaveriets avskaffande för att fortsätta hålla svarta och vita åtskilda?	Jim Crow-lagarna (rasåtskillnadslagar)	Svarta koder (Black Codes)	Konfederationslagarna	Segregationsförordningarna
6_3_U2	USA	Vilken ekonomisk katastrof inleddes med börskraschen i USA i oktober 1929?	Den stora depressionen	Den stora recessionen	Svarta fredagen (Black Friday)	Bankpaniken
6_3_U2	USA	Vad kallas det ekonomiska program som Franklin D. Roosevelt lanserade för att lösa krisen under 1930-talet?	New Deal	Fair Deal	Square Deal	The Great Society
6_3_U2	USA	Vilken händelse i december 1941 blev den direkta orsaken till att USA gick med i andra världskriget?	Japans attack mot Pearl Harbor	Tysklands ubåtskrig mot amerikanska fartyg	Japans invasion av Filippinerna	Italiens krigsförklaring mot USA
6_3_U2	USA	Vilka två stater utvecklades till världens ledande supermakter efter andra världskrigets slut?	USA och Sovjet	USA och England	USA och Kina	USA och Frankrike
6_3_U2	USA	Vilken militärallians bildades 1949 för att förhindra sovjetisk aggression i Europa?	NATO	SEATO	ANZUS	Warszawapakten
6_3_U2	USA	Vad kallas den period under 1950-talet då senator McCarthy jagade misstänkta kommunister i USA?	McCarthyismen	Röd skräck (Red Scare)	Kommunistjakten	Kalla krigets hysteri
6_3_U2	USA	Vilken kvinna blev symbol för kampen mot raslagarna efter att ha vägrat lämna sin sittplats på en buss 1955?	Rosa Parks	Harriet Tubman	Coretta Scott King	Claudette Colvin
6_3_U2	USA	Vilken framstående ledare inom medborgarrättsrörelsen höll det berömda talet "I have a dream"?	Martin Luther King Jr.	Malcolm X	John Lewis	Thurgood Marshall
6_3_U2	USA	Vilket krig under 1960- och 70-talet ledde till omfattande protester och försämrat anseende för USA i världen?	Vietnamkriget	Koreakriget	Gulfkriget	Krigen i Centralamerika
6_3_U2	USA	Vilken terrorattack i New York ledde till att president Bush förklarade krig mot den internationella terrorismen?	11 september 2001 (9/11)	Bombningen av WTC 1993	Attentatet i Oklahoma City 1995	Angreppen mot amerikanska ambassader 1998
